stop_id_1,stop_id_2,centroid_distance,bbox_intersection
0_2019-10-21 13:45:24,23_2019-10-21 15:14:54,9.767880922182424e-05,True
0_2019-10-21 13:45:24,503_2019-10-24 11:31:46,0.0002591218269601894,True
0_2019-10-21 13:45:24,504_2019-10-24 11:51:48,0.00036343360346513656,True
0_2019-10-21 13:45:24,505_2019-10-24 12:01:20,0.0002758880681584145,True
0_2019-10-21 13:45:24,509_2019-10-24 12:22:28,0.00010009548343749998,True
0_2019-10-21 13:45:24,513_2019-10-24 13:01:53,0.0002941106466571368,True
0_2019-10-21 13:45:24,514_2019-10-24 13:14:51,0.00010440943927651117,True
0_2019-10-21 13:45:24,528_2019-10-24 15:30:18,0.0001877642458759314,True
0_2019-10-21 13:45:24,529_2019-10-24 15:39:40,0.0003483481225624314,True
111_2019-10-22 08:27:33,112_2019-10-22 08:45:40,4.27457491654804e-14,True
113_2019-10-22 09:03:54,184_2019-10-22 12:41:52,1.350389051359467e-13,True
113_2019-10-22 09:03:54,207_2019-10-22 14:06:36,4.986471270604724e-14,True
113_2019-10-22 09:03:54,208_2019-10-22 14:19:26,4.986471270604724e-14,True
113_2019-10-22 09:03:54,239_2019-10-22 16:05:17,4.9835041335008945e-14,True
113_2019-10-22 09:03:54,245_2019-10-22 16:31:25,8.543149943144392e-14,True
184_2019-10-22 12:41:52,207_2019-10-22 14:06:36,8.526628476568654e-14,True
184_2019-10-22 12:41:52,208_2019-10-22 14:19:26,8.526628476568654e-14,True
184_2019-10-22 12:41:52,239_2019-10-22 16:05:17,8.526512829121202e-14,True
184_2019-10-22 12:41:52,245_2019-10-22 16:31:25,4.978753036083156e-14,True
207_2019-10-22 14:06:36,208_2019-10-22 14:19:26,0.0,True
207_2019-10-22 14:06:36,239_2019-10-22 16:05:17,4.440892098500626e-16,True
207_2019-10-22 14:06:36,245_2019-10-22 16:31:25,3.557151798805476e-14,True
208_2019-10-22 14:19:26,239_2019-10-22 16:05:17,4.440892098500626e-16,True
208_2019-10-22 14:19:26,245_2019-10-22 16:31:25,3.557151798805476e-14,True
23_2019-10-21 15:14:54,503_2019-10-24 11:31:46,0.00016756465404653846,True
23_2019-10-21 15:14:54,504_2019-10-24 11:51:48,0.000266096472835051,True
23_2019-10-21 15:14:54,505_2019-10-24 12:01:20,0.0001820465735725358,True
23_2019-10-21 15:14:54,509_2019-10-24 12:22:28,3.080107971641369e-05,True
23_2019-10-21 15:14:54,513_2019-10-24 13:01:53,0.00022558947650259657,True
23_2019-10-21 15:14:54,514_2019-10-24 13:14:51,9.9950176971033e-05,True
23_2019-10-21 15:14:54,528_2019-10-24 15:30:18,9.021614017143818e-05,True
23_2019-10-21 15:14:54,529_2019-10-24 15:39:40,0.00025160362197862104,True
239_2019-10-22 16:05:17,245_2019-10-22 16:31:25,3.5596458096434965e-14,True
248_2019-10-22 16:58:56,249_2019-10-22 17:06:58,0.00037451064105459167,True
248_2019-10-22 16:58:56,250_2019-10-22 17:34:55,0.0002573021982045558,True
248_2019-10-22 16:58:56,253_2019-10-22 17:54:41,0.00020849358116584285,True
248_2019-10-22 16:58:56,254_2019-10-22 18:04:31,0.00017993165256653156,True
248_2019-10-22 16:58:56,255_2019-10-22 18:48:47,0.00025290222852606905,True
248_2019-10-22 16:58:56,256_2019-10-22 19:22:11,0.00036016132685217923,True
248_2019-10-22 16:58:56,257_2019-10-22 19:30:53,0.00042374282011334806,True
248_2019-10-22 16:58:56,258_2019-10-22 19:43:23,0.00022817549363850047,True
248_2019-10-22 16:58:56,260_2019-10-22 19:57:04,8.647937988681827e-05,True
248_2019-10-22 16:58:56,262_2019-10-22 20:18:32,0.0003003762190168291,True
248_2019-10-22 16:58:56,264_2019-10-22 20:47:55,0.00024029986983762873,True
248_2019-10-22 16:58:56,266_2019-10-22 21:06:47,0.00022551419537865814,True
248_2019-10-22 16:58:56,267_2019-10-22 21:24:41,0.00034092846857606537,True
248_2019-10-22 16:58:56,268_2019-10-22 21:35:42,0.000322187852068749,True
248_2019-10-22 16:58:56,269_2019-10-22 22:08:44,2.9964389678695253e-05,True
248_2019-10-22 16:58:56,270_2019-10-22 22:58:48,3.432072447951625e-05,True
248_2019-10-22 16:58:56,271_2019-10-22 23:45:33,3.608235810992913e-05,True
248_2019-10-22 16:58:56,272_2019-10-23 00:30:49,3.7827903810634436e-05,True
248_2019-10-22 16:58:56,273_2019-10-23 01:15:36,3.151326100859888e-05,True
248_2019-10-22 16:58:56,274_2019-10-23 02:00:58,2.8437215484370855e-05,True
248_2019-10-22 16:58:56,275_2019-10-23 02:47:59,3.868571689375663e-05,True
248_2019-10-22 16:58:56,276_2019-10-23 03:31:23,2.8368190356972013e-05,True
248_2019-10-22 16:58:56,277_2019-10-23 04:20:23,3.5111977378306086e-05,True
248_2019-10-22 16:58:56,278_2019-10-23 05:05:50,3.601391476867407e-05,True
248_2019-10-22 16:58:56,279_2019-10-23 05:52:46,4.471416095726031e-05,True
248_2019-10-22 16:58:56,280_2019-10-23 06:37:45,0.00020651082104879715,True
248_2019-10-22 16:58:56,590_2019-10-25 17:37:39,0.00011293515802333804,True
248_2019-10-22 16:58:56,67_2019-10-21 17:25:48,0.00031283962617707284,True
248_2019-10-22 16:58:56,77_2019-10-21 18:19:00,9.124672976886605e-05,True
248_2019-10-22 16:58:56,78_2019-10-21 21:08:52,2.0986118627758165e-05,True
248_2019-10-22 16:58:56,79_2019-10-21 21:55:13,3.238373228106192e-05,True
248_2019-10-22 16:58:56,80_2019-10-21 22:43:22,2.8747126361023425e-05,True
248_2019-10-22 16:58:56,81_2019-10-21 23:31:05,2.8476317986152505e-05,True
248_2019-10-22 16:58:56,82_2019-10-22 00:18:41,2.5068417432464318e-05,True
248_2019-10-22 16:58:56,83_2019-10-22 01:10:34,2.6383187042179635e-05,True
248_2019-10-22 16:58:56,84_2019-10-22 02:01:59,2.3845148535115803e-05,True
248_2019-10-22 16:58:56,85_2019-10-22 02:46:38,2.8521423308225885e-05,True
248_2019-10-22 16:58:56,86_2019-10-22 03:35:02,2.5066296231802726e-05,True
248_2019-10-22 16:58:56,87_2019-10-22 04:21:27,2.362128652270176e-05,True
248_2019-10-22 16:58:56,88_2019-10-22 05:06:08,2.2413722369356467e-05,True
248_2019-10-22 16:58:56,89_2019-10-22 05:54:28,2.8755727188887185e-05,True
248_2019-10-22 16:58:56,90_2019-10-22 06:42:13,0.000259332641496075,True
249_2019-10-22 17:06:58,250_2019-10-22 17:34:55,0.00016690947221825554,True
249_2019-10-22 17:06:58,253_2019-10-22 17:54:41,0.00018848170271700378,True
249_2019-10-22 17:06:58,254_2019-10-22 18:04:31,0.0003321344828281018,True
249_2019-10-22 17:06:58,255_2019-10-22 18:48:47,0.0003238877512317702,True
249_2019-10-22 17:06:58,256_2019-10-22 19:22:11,0.00012623003758639777,True
249_2019-10-22 17:06:58,257_2019-10-22 19:30:53,0.00037471828947341877,True
249_2019-10-22 17:06:58,258_2019-10-22 19:43:23,0.000148060879302929,True
249_2019-10-22 17:06:58,260_2019-10-22 19:57:04,0.0003257922498724237,True
249_2019-10-22 17:06:58,262_2019-10-22 20:18:32,0.00026961932348507577,True
249_2019-10-22 17:06:58,264_2019-10-22 20:47:55,0.00040235565031020366,True
249_2019-10-22 17:06:58,266_2019-10-22 21:06:47,0.0005988938919370214,True
249_2019-10-22 17:06:58,267_2019-10-22 21:24:41,0.0005708613526735741,True
249_2019-10-22 17:06:58,268_2019-10-22 21:35:42,0.0005902659794840066,True
249_2019-10-22 17:06:58,269_2019-10-22 22:08:44,0.00037043821708593355,True
249_2019-10-22 17:06:58,270_2019-10-22 22:58:48,0.00036658798382052237,True
249_2019-10-22 17:06:58,271_2019-10-22 23:45:33,0.0003712035892217564,True
249_2019-10-22 17:06:58,272_2019-10-23 00:30:49,0.0003672150609338722,True
249_2019-10-22 17:06:58,273_2019-10-23 01:15:36,0.0003710445170267766,True
249_2019-10-22 17:06:58,274_2019-10-23 02:00:58,0.0003745468824740065,True
249_2019-10-22 17:06:58,275_2019-10-23 02:47:59,0.00036750659065426966,True
249_2019-10-22 17:06:58,276_2019-10-23 03:31:23,0.0003777804849464556,True
249_2019-10-22 17:06:58,277_2019-10-23 04:20:23,0.00037477835282120724,True
249_2019-10-22 17:06:58,278_2019-10-23 05:05:50,0.00037061452771439623,True
249_2019-10-22 17:06:58,279_2019-10-23 05:52:46,0.00036498151536406426,True
249_2019-10-22 17:06:58,280_2019-10-23 06:37:45,0.0004215571950977293,True
249_2019-10-22 17:06:58,590_2019-10-25 17:37:39,0.00043128742847717066,True
249_2019-10-22 17:06:58,65_2019-10-21 17:12:38,0.00032604231718564864,True
249_2019-10-22 17:06:58,67_2019-10-21 17:25:48,0.000335189490901764,True
249_2019-10-22 17:06:58,77_2019-10-21 18:19:00,0.0003186618851276925,True
249_2019-10-22 17:06:58,78_2019-10-21 21:08:52,0.0003797730759112744,True
249_2019-10-22 17:06:58,79_2019-10-21 21:55:13,0.000369236586543937,True
249_2019-10-22 17:06:58,80_2019-10-21 22:43:22,0.0003742047497331883,True
249_2019-10-22 17:06:58,81_2019-10-21 23:31:05,0.000375487835353351,True
249_2019-10-22 17:06:58,82_2019-10-22 00:18:41,0.00037904281783540536,True
249_2019-10-22 17:06:58,83_2019-10-22 01:10:34,0.0003745731195447404,True
249_2019-10-22 17:06:58,84_2019-10-22 02:01:59,0.00038204338586465727,True
249_2019-10-22 17:06:58,85_2019-10-22 02:46:38,0.0003750622621388327,True
249_2019-10-22 17:06:58,86_2019-10-22 03:35:02,0.0003725306570892154,True
249_2019-10-22 17:06:58,87_2019-10-22 04:21:27,0.0003817028574557165,True
249_2019-10-22 17:06:58,88_2019-10-22 05:06:08,0.0003822758369136105,True
249_2019-10-22 17:06:58,89_2019-10-22 05:54:28,0.0003740990881853715,True
249_2019-10-22 17:06:58,90_2019-10-22 06:42:13,0.00039610673619277755,True
250_2019-10-22 17:34:55,253_2019-10-22 17:54:41,5.103961840142384e-05,True
250_2019-10-22 17:34:55,254_2019-10-22 18:04:31,0.00029957939763845646,True
250_2019-10-22 17:34:55,255_2019-10-22 18:48:47,0.0001590318538197401,True
250_2019-10-22 17:34:55,256_2019-10-22 19:22:11,0.00010365161039621187,True
250_2019-10-22 17:34:55,257_2019-10-22 19:30:53,0.0002528837155306971,True
250_2019-10-22 17:34:55,258_2019-10-22 19:43:23,7.984981780773611e-05,True
250_2019-10-22 17:34:55,260_2019-10-22 19:57:04,0.00024498269865838335,True
250_2019-10-22 17:34:55,262_2019-10-22 20:18:32,0.00012068823387372776,True
250_2019-10-22 17:34:55,264_2019-10-22 20:47:55,0.0002354536324482962,True
250_2019-10-22 17:34:55,266_2019-10-22 21:06:47,0.0004671526760081586,True
250_2019-10-22 17:34:55,267_2019-10-22 21:24:41,0.00040395540552178987,True
250_2019-10-22 17:34:55,268_2019-10-22 21:35:42,0.0004245923763460264,True
250_2019-10-22 17:34:55,269_2019-10-22 22:08:44,0.0002426828650654667,True
250_2019-10-22 17:34:55,270_2019-10-22 22:58:48,0.00023772344540082786,True
250_2019-10-22 17:34:55,271_2019-10-22 23:45:33,0.00024124431509080566,True
250_2019-10-22 17:34:55,272_2019-10-23 00:30:49,0.00023702597789427817,True
250_2019-10-22 17:34:55,273_2019-10-23 01:15:36,0.00024268728981844708,True
250_2019-10-22 17:34:55,274_2019-10-23 02:00:58,0.00024702394579185615,True
250_2019-10-22 17:34:55,275_2019-10-23 02:47:59,0.00023698422523754198,True
250_2019-10-22 17:34:55,276_2019-10-23 03:31:23,0.000250189176274611,True
250_2019-10-22 17:34:55,277_2019-10-23 04:20:23,0.0002449414670412272,True
250_2019-10-22 17:34:55,278_2019-10-23 05:05:50,0.00024072562139490063,True
250_2019-10-22 17:34:55,279_2019-10-23 05:52:46,0.00023263697772326667,True
250_2019-10-22 17:34:55,280_2019-10-23 06:37:45,0.00038137967001386746,True
250_2019-10-22 17:34:55,590_2019-10-25 17:37:39,0.0002825968293031963,True
250_2019-10-22 17:34:55,65_2019-10-21 17:12:38,0.0004928584738449369,True
250_2019-10-22 17:34:55,67_2019-10-21 17:25:48,0.00018153986743991578,True
250_2019-10-22 17:34:55,77_2019-10-21 18:19:00,0.0002395418212408425,True
250_2019-10-22 17:34:55,78_2019-10-21 21:08:52,0.0002548285591347114,True
250_2019-10-22 17:34:55,79_2019-10-21 21:55:13,0.00024074761489860174,True
250_2019-10-22 17:34:55,80_2019-10-21 22:43:22,0.0002465912026611668,True
250_2019-10-22 17:34:55,81_2019-10-21 23:31:05,0.0002479107887999183,True
250_2019-10-22 17:34:55,82_2019-10-22 00:18:41,0.000252614076109637,True
250_2019-10-22 17:34:55,83_2019-10-22 01:10:34,0.0002477673015471336,True
250_2019-10-22 17:34:55,84_2019-10-22 02:01:59,0.00025617042930009705,True
250_2019-10-22 17:34:55,85_2019-10-22 02:46:38,0.0002474864281371665,True
250_2019-10-22 17:34:55,86_2019-10-22 03:35:02,0.00024632288247538367,True
250_2019-10-22 17:34:55,87_2019-10-22 04:21:27,0.0002558907017790771,True
250_2019-10-22 17:34:55,88_2019-10-22 05:06:08,0.0002569491569152368,True
250_2019-10-22 17:34:55,89_2019-10-22 05:54:28,0.0002464882146157994,True
250_2019-10-22 17:34:55,90_2019-10-22 06:42:13,0.00038683886486355835,True
253_2019-10-22 17:54:41,254_2019-10-22 18:04:31,0.0002527704570260465,True
253_2019-10-22 17:54:41,255_2019-10-22 18:48:47,0.00016324353358105985,True
253_2019-10-22 17:54:41,256_2019-10-22 19:22:11,0.00015179216421865702,True
253_2019-10-22 17:54:41,257_2019-10-22 19:30:53,0.0002868675296376294,True
253_2019-10-22 17:54:41,258_2019-10-22 19:43:23,5.653881716782504e-05,True
253_2019-10-22 17:54:41,260_2019-10-22 19:57:04,0.00019413095588113156,True
253_2019-10-22 17:54:41,262_2019-10-22 20:18:32,0.00014894220957063488,True
253_2019-10-22 17:54:41,264_2019-10-22 20:47:55,0.0002262463090530272,True
253_2019-10-22 17:54:41,266_2019-10-22 21:06:47,0.00042320470837370263,True
253_2019-10-22 17:54:41,267_2019-10-22 21:24:41,0.00039144758122309755,True
253_2019-10-22 17:54:41,268_2019-10-22 21:35:42,0.00040523421404311643,True
253_2019-10-22 17:54:41,269_2019-10-22 22:08:44,0.0001959900149697161,True
253_2019-10-22 17:54:41,270_2019-10-22 22:58:48,0.00019127026208592724,True
253_2019-10-22 17:54:41,271_2019-10-22 23:45:33,0.00019515051070220318,True
253_2019-10-22 17:54:41,272_2019-10-23 00:30:49,0.00019094487317178113,True
253_2019-10-22 17:54:41,273_2019-10-23 01:15:36,0.00019615769336534024,True
253_2019-10-22 17:54:41,274_2019-10-23 02:00:58,0.0002003235359759855,True
253_2019-10-22 17:54:41,275_2019-10-23 02:47:59,0.00019100176670860155,True
253_2019-10-22 17:54:41,276_2019-10-23 03:31:23,0.00020354561129024706,True
253_2019-10-22 17:54:41,277_2019-10-23 04:20:23,0.00019885876022188257,True
253_2019-10-22 17:54:41,278_2019-10-23 05:05:50,0.00019460457634935328,True
253_2019-10-22 17:54:41,279_2019-10-23 05:52:46,0.00018716321475283252,True
253_2019-10-22 17:54:41,280_2019-10-23 06:37:45,0.00033242217487613985,True
253_2019-10-22 17:54:41,590_2019-10-25 17:37:39,0.000244920675019512,True
253_2019-10-22 17:54:41,65_2019-10-21 17:12:38,0.0005116261116197776,True
253_2019-10-22 17:54:41,67_2019-10-21 17:25:48,0.00020047310549548884,True
253_2019-10-22 17:54:41,77_2019-10-21 18:19:00,0.00018880224945748346,True
253_2019-10-22 17:54:41,78_2019-10-21 21:08:52,0.00020757167119237057,True
253_2019-10-22 17:54:41,79_2019-10-21 21:55:13,0.00019422942332257976,True
253_2019-10-22 17:54:41,80_2019-10-21 22:43:22,0.00019990953360765599,True
253_2019-10-22 17:54:41,81_2019-10-21 23:31:05,0.0002012356742389493,True
253_2019-10-22 17:54:41,82_2019-10-22 00:18:41,0.00020569719858165412,True
253_2019-10-22 17:54:41,83_2019-10-22 01:10:34,0.0002008884465689856,True
253_2019-10-22 17:54:41,84_2019-10-22 02:01:59,0.00020915556490791923,True
253_2019-10-22 17:54:41,85_2019-10-22 02:46:38,0.00020080577461395206,True
253_2019-10-22 17:54:41,86_2019-10-22 03:35:02,0.00019927393233793673,True
253_2019-10-22 17:54:41,87_2019-10-22 04:21:27,0.0002088575031728438,True
253_2019-10-22 17:54:41,88_2019-10-22 05:06:08,0.00020980896868560799,True
253_2019-10-22 17:54:41,89_2019-10-22 05:54:28,0.00019980455748472636,True
253_2019-10-22 17:54:41,90_2019-10-22 06:42:13,0.00034190409816003985,True
254_2019-10-22 18:04:31,255_2019-10-22 18:48:47,0.00037813605548618997,True
254_2019-10-22 18:04:31,256_2019-10-22 19:22:11,0.00037989364293312055,True
254_2019-10-22 18:04:31,257_2019-10-22 19:30:53,0.0005325532936283765,True
254_2019-10-22 18:04:31,258_2019-10-22 19:43:23,0.00022845664072944886,True
254_2019-10-22 18:04:31,260_2019-10-22 19:57:04,9.726545304830204e-05,True
254_2019-10-22 18:04:31,262_2019-10-22 20:18:32,0.0003948009172325412,True
254_2019-10-22 18:04:31,264_2019-10-22 20:47:55,0.0003964997871389872,True
254_2019-10-22 18:04:31,266_2019-10-22 21:06:47,0.0003599395034705119,True
254_2019-10-22 18:04:31,267_2019-10-22 21:24:41,0.0005183758446593208,True
254_2019-10-22 18:04:31,268_2019-10-22 21:35:42,0.0005020545198512508,True
254_2019-10-22 18:04:31,269_2019-10-22 22:08:44,0.00020448217866072665,True
254_2019-10-22 18:04:31,270_2019-10-22 22:58:48,0.0002061999502545365,True
254_2019-10-22 18:04:31,271_2019-10-22 23:45:33,0.00021033514783372483,True
254_2019-10-22 18:04:31,272_2019-10-23 00:30:49,0.00020975962088571525,True
254_2019-10-22 18:04:31,273_2019-10-23 01:15:36,0.00020618633972427822,True
254_2019-10-22 18:04:31,274_2019-10-23 02:00:58,0.00020512933221676882,True
254_2019-10-22 18:04:31,275_2019-10-23 02:47:59,0.0002107007433261259,True
254_2019-10-22 18:04:31,276_2019-10-23 03:31:23,0.0002063299244211324,True
254_2019-10-22 18:04:31,277_2019-10-23 04:20:23,0.00021112500036980054,True
254_2019-10-22 18:04:31,278_2019-10-23 05:05:50,0.0002099771812426223,True
254_2019-10-22 18:04:31,279_2019-10-23 05:52:46,0.00021471401792891594,True
254_2019-10-22 18:04:31,280_2019-10-23 06:37:45,8.95103399026031e-05,True
254_2019-10-22 18:04:31,590_2019-10-25 17:37:39,0.00029264478243837554,True
254_2019-10-22 18:04:31,65_2019-10-21 17:12:38,0.0005649230275840971,True
254_2019-10-22 18:04:31,67_2019-10-21 17:25:48,0.0004318838754338193,True
254_2019-10-22 18:04:31,77_2019-10-21 18:19:00,9.554559294155951e-05,True
254_2019-10-22 18:04:31,78_2019-10-21 21:08:52,0.0002003125266992514,True
254_2019-10-22 18:04:31,79_2019-10-21 21:55:13,0.00020599341315469157,True
254_2019-10-22 18:04:31,80_2019-10-21 22:43:22,0.0002052532241608923,True
254_2019-10-22 18:04:31,81_2019-10-21 23:31:05,0.0002055604304519188,True
254_2019-10-22 18:04:31,82_2019-10-22 00:18:41,0.0002037968483724921,True
254_2019-10-22 18:04:31,83_2019-10-22 01:10:34,0.00020332484240573721,True
254_2019-10-22 18:04:31,84_2019-10-22 02:01:59,0.00020340008206211308,True
254_2019-10-22 18:04:31,85_2019-10-22 02:46:38,0.000205423917786522,True
254_2019-10-22 18:04:31,86_2019-10-22 03:35:02,0.00020120410954724814,True
254_2019-10-22 18:04:31,87_2019-10-22 04:21:27,0.00020313121443529093,True
254_2019-10-22 18:04:31,88_2019-10-22 05:06:08,0.0002021067224298705,True
254_2019-10-22 18:04:31,89_2019-10-22 05:54:28,0.00020521385677980126,True
254_2019-10-22 18:04:31,90_2019-10-22 06:42:13,9.217135020078765e-05,True
255_2019-10-22 18:48:47,256_2019-10-22 19:22:11,0.00022702615909849744,True
255_2019-10-22 18:48:47,257_2019-10-22 19:30:53,0.00017158724534590005,True
255_2019-10-22 18:48:47,258_2019-10-22 19:43:23,0.00021936869304548518,True
255_2019-10-22 18:48:47,260_2019-10-22 19:57:04,0.00029200060813666895,True
255_2019-10-22 18:48:47,262_2019-10-22 20:18:32,7.807837321903945e-05,True
255_2019-10-22 18:48:47,264_2019-10-22 20:47:55,8.673068707182278e-05,True
255_2019-10-22 18:48:47,266_2019-10-22 21:06:47,0.00040231398940078895,True
255_2019-10-22 18:48:47,267_2019-10-22 21:24:41,0.0002518772609611775,True
255_2019-10-22 18:48:47,268_2019-10-22 21:35:42,0.00028210297156939536,True
255_2019-10-22 18:48:47,269_2019-10-22 22:08:44,0.00022529736730771775,True
255_2019-10-22 18:48:47,270_2019-10-22 22:58:48,0.00022005883333200575,True
255_2019-10-22 18:48:47,271_2019-10-22 23:45:33,0.00022031343280012772,True
255_2019-10-22 18:48:47,272_2019-10-23 00:30:49,0.00021715710783086844,True
255_2019-10-22 18:48:47,273_2019-10-23 01:15:36,0.00022420899705422392,True
255_2019-10-22 18:48:47,274_2019-10-23 02:00:58,0.00022858573188281247,True
255_2019-10-22 18:48:47,275_2019-10-23 02:47:59,0.0002165050554304112,True
255_2019-10-22 18:48:47,276_2019-10-23 03:31:23,0.00023058360264419125,True
255_2019-10-22 18:48:47,277_2019-10-23 04:20:23,0.00022296935083135046,True
255_2019-10-22 18:48:47,278_2019-10-23 05:05:50,0.00022010675917180056,True
255_2019-10-22 18:48:47,279_2019-10-23 05:52:46,0.00021026877982187957,True
255_2019-10-22 18:48:47,280_2019-10-23 06:37:45,0.00044007305722991056,True
255_2019-10-22 18:48:47,590_2019-10-25 17:37:39,0.0002088212441616379,True
255_2019-10-22 18:48:47,65_2019-10-21 17:12:38,0.0006480850416563203,True
255_2019-10-22 18:48:47,67_2019-10-21 17:25:48,6.008015949619165e-05,True
255_2019-10-22 18:48:47,77_2019-10-21 18:19:00,0.0002900758099258179,True
255_2019-10-22 18:48:47,78_2019-10-21 21:08:52,0.00023841361327551187,True
255_2019-10-22 18:48:47,79_2019-10-21 21:55:13,0.00022270190250906545,True
255_2019-10-22 18:48:47,80_2019-10-21 22:43:22,0.0002281344805008639,True
255_2019-10-22 18:48:47,81_2019-10-21 23:31:05,0.00022908018424214386,True
255_2019-10-22 18:48:47,82_2019-10-22 00:18:41,0.00023430077942939727,True
255_2019-10-22 18:48:47,83_2019-10-22 01:10:34,0.0002303654634233039,True
255_2019-10-22 18:48:47,84_2019-10-22 02:01:59,0.0002377116900045097,True
255_2019-10-22 18:48:47,85_2019-10-22 02:46:38,0.00022879892828593355,True
255_2019-10-22 18:48:47,86_2019-10-22 03:35:02,0.0002304637417265165,True
255_2019-10-22 18:48:47,87_2019-10-22 04:21:27,0.00023762638468319074,True
255_2019-10-22 18:48:47,88_2019-10-22 05:06:08,0.00023920429079245134,True
255_2019-10-22 18:48:47,89_2019-10-22 05:54:28,0.00022807079621975655,True
255_2019-10-22 18:48:47,90_2019-10-22 06:42:13,0.00047024977276361113,True
256_2019-10-22 19:22:11,257_2019-10-22 19:30:53,0.0002491700933007132,True
256_2019-10-22 19:22:11,258_2019-10-22 19:43:23,0.00015232236872035593,True
256_2019-10-22 19:22:11,260_2019-10-22 19:57:04,0.000339986873457244,True
256_2019-10-22 19:22:11,262_2019-10-22 20:18:32,0.00015859026948669282,True
256_2019-10-22 19:22:11,264_2019-10-22 20:47:55,0.00031257255471475785,True
256_2019-10-22 19:22:11,266_2019-10-22 21:06:47,0.0005704435264469218,True
256_2019-10-22 19:22:11,267_2019-10-22 21:24:41,0.00047882461874549075,True
256_2019-10-22 19:22:11,268_2019-10-22 21:35:42,0.0005075578525426075,True
256_2019-10-22 19:22:11,269_2019-10-22 22:08:44,0.0003462710490671933,True
256_2019-10-22 19:22:11,270_2019-10-22 22:58:48,0.0003413369948272253,True
256_2019-10-22 19:22:11,271_2019-10-22 23:45:33,0.00034488578087878136,True
256_2019-10-22 19:22:11,272_2019-10-23 00:30:49,0.0003406670332933229,True
256_2019-10-22 19:22:11,273_2019-10-23 01:15:36,0.00034629510627277686,True
256_2019-10-22 19:22:11,274_2019-10-23 02:00:58,0.0003506133099381199,True
256_2019-10-22 19:22:11,275_2019-10-23 02:47:59,0.00034062965119313653,True
256_2019-10-22 19:22:11,276_2019-10-23 03:31:23,0.00035378725188251213,True
256_2019-10-22 19:22:11,277_2019-10-23 04:20:23,0.00034858431786338376,True
256_2019-10-22 19:22:11,278_2019-10-23 05:05:50,0.0003443655489425447,True
256_2019-10-22 19:22:11,279_2019-10-23 05:52:46,0.00033628726478450677,True
256_2019-10-22 19:22:11,280_2019-10-23 06:37:45,0.0004665623238830473,True
256_2019-10-22 19:22:11,590_2019-10-25 17:37:39,0.0003836010128412975,True
256_2019-10-22 19:22:11,65_2019-10-21 17:12:38,0.00042970042034902136,True
256_2019-10-22 19:22:11,67_2019-10-21 17:25:48,0.00022295533307923265,True
256_2019-10-22 19:22:11,77_2019-10-21 18:19:00,0.0003338960948680419,True
256_2019-10-22 19:22:11,78_2019-10-21 21:08:52,0.0003583240368081315,True
256_2019-10-22 19:22:11,79_2019-10-21 21:55:13,0.0003443557896023054,True
256_2019-10-22 19:22:11,80_2019-10-21 22:43:22,0.000350182803040979,True
256_2019-10-22 19:22:11,81_2019-10-21 23:31:05,0.0003515038665962906,True
256_2019-10-22 19:22:11,82_2019-10-22 00:18:41,0.00035617425703372,True
256_2019-10-22 19:22:11,83_2019-10-22 01:10:34,0.00035133102663730215,True
256_2019-10-22 19:22:11,84_2019-10-22 02:01:59,0.00035971562713651734,True
256_2019-10-22 19:22:11,85_2019-10-22 02:46:38,0.00035107859244831697,True
256_2019-10-22 19:22:11,86_2019-10-22 03:35:02,0.0003498560959032087,True
256_2019-10-22 19:22:11,87_2019-10-22 04:21:27,0.0003594324088845116,True
256_2019-10-22 19:22:11,88_2019-10-22 05:06:08,0.00036047080917044755,True
256_2019-10-22 19:22:11,89_2019-10-22 05:54:28,0.00035007950753201196,True
256_2019-10-22 19:22:11,90_2019-10-22 06:42:13,0.00046023499894987704,True
257_2019-10-22 19:30:53,258_2019-10-22 19:43:23,0.00033219406616149546,True
257_2019-10-22 19:30:53,260_2019-10-22 19:57:04,0.00045473038332419295,True
257_2019-10-22 19:30:53,262_2019-10-22 20:18:32,0.00013847568117843865,True
257_2019-10-22 19:30:53,264_2019-10-22 20:47:55,0.0002227682091812116,True
257_2019-10-22 19:30:53,266_2019-10-22 21:06:47,0.0005635951945544784,True
257_2019-10-22 19:30:53,267_2019-10-22 21:24:41,0.00033285200470062294,True
257_2019-10-22 19:30:53,268_2019-10-22 21:35:42,0.00038340593718697995,True
257_2019-10-22 19:30:53,269_2019-10-22 22:08:44,0.0003966318113348718,True
257_2019-10-22 19:30:53,270_2019-10-22 22:58:48,0.00039134788846316296,True
257_2019-10-22 19:30:53,271_2019-10-22 23:45:33,0.0003917534498879619,True
257_2019-10-22 19:30:53,272_2019-10-23 00:30:49,0.0003885224182943668,True
257_2019-10-22 19:30:53,273_2019-10-23 01:15:36,0.00039558356236723825,True
257_2019-10-22 19:30:53,274_2019-10-23 02:00:58,0.0003999991954296594,True
257_2019-10-22 19:30:53,275_2019-10-23 02:47:59,0.0003878910022693003,True
257_2019-10-22 19:30:53,276_2019-10-23 03:31:23,0.0004020558488297386,True
257_2019-10-22 19:30:53,277_2019-10-23 04:20:23,0.0003944645580127977,True
257_2019-10-22 19:30:53,278_2019-10-23 05:05:50,0.00039153296771867054,True
257_2019-10-22 19:30:53,279_2019-10-23 05:52:46,0.0003816720156055384,True
257_2019-10-22 19:30:53,280_2019-10-23 06:37:45,0.0006026407149293989,True
257_2019-10-22 19:30:53,590_2019-10-25 17:37:39,0.0003751194997065519,True
257_2019-10-22 19:30:53,65_2019-10-21 17:12:38,0.0006669237049569565,True
257_2019-10-22 19:30:53,67_2019-10-21 17:25:48,0.00011159727019994541,True
257_2019-10-22 19:30:53,77_2019-10-21 18:19:00,0.0004517522348087662,True
257_2019-10-22 19:30:53,78_2019-10-21 21:08:52,0.00040982695324413544,True
257_2019-10-22 19:30:53,79_2019-10-21 21:55:13,0.00039404060719724,True
257_2019-10-22 19:30:53,80_2019-10-21 22:43:22,0.00039954476396641145,True
257_2019-10-22 19:30:53,81_2019-10-21 23:31:05,0.00040051332518749983,True
257_2019-10-22 19:30:53,82_2019-10-22 00:18:41,0.00040575498078562094,True
257_2019-10-22 19:30:53,83_2019-10-22 01:10:34,0.00040175105433513556,True
257_2019-10-22 19:30:53,84_2019-10-22 02:01:59,0.00040919396120936647,True
257_2019-10-22 19:30:53,85_2019-10-22 02:46:38,0.00040022418687822424,True
257_2019-10-22 19:30:53,86_2019-10-22 03:35:02,0.000401777343213247,True
257_2019-10-22 19:30:53,87_2019-10-22 04:21:27,0.0004091018429476718,True
257_2019-10-22 19:30:53,88_2019-10-22 05:06:08,0.0004106728801397378,True
257_2019-10-22 19:30:53,89_2019-10-22 05:54:28,0.0003994788989027851,True
257_2019-10-22 19:30:53,90_2019-10-22 06:42:13,0.0006240867818822348,True
258_2019-10-22 19:43:23,260_2019-10-22 19:57:04,0.0001913266238905298,True
258_2019-10-22 19:43:23,262_2019-10-22 20:18:32,0.00019726038119670988,True
258_2019-10-22 19:43:23,264_2019-10-22 20:47:55,0.00028212457513727306,True
258_2019-10-22 19:43:23,266_2019-10-22 21:06:47,0.0004513336746198163,True
258_2019-10-22 19:43:23,267_2019-10-22 21:24:41,0.0004459959605603164,True
258_2019-10-22 19:43:23,268_2019-10-22 21:35:42,0.00045721161082701783,True
258_2019-10-22 19:43:23,269_2019-10-22 22:08:44,0.0002225676667369682,True
258_2019-10-22 19:43:23,270_2019-10-22 22:58:48,0.0002186305388054135,True
258_2019-10-22 19:43:23,271_2019-10-22 23:45:33,0.00022320568704420733,True
258_2019-10-22 19:43:23,272_2019-10-23 00:30:49,0.00021919842956569428,True
258_2019-10-22 19:43:23,273_2019-10-23 01:15:36,0.00022313421856189617,True
258_2019-10-22 19:43:23,274_2019-10-23 02:00:58,0.00022671299179375713,True
258_2019-10-22 19:43:23,275_2019-10-23 02:47:59,0.00021947913990690775,True
258_2019-10-22 19:43:23,276_2019-10-23 03:31:23,0.000229956062973139,True
258_2019-10-22 19:43:23,277_2019-10-23 04:20:23,0.00022679558366212155,True
258_2019-10-22 19:43:23,278_2019-10-23 05:05:50,0.00022261819003081544,True
258_2019-10-22 19:43:23,279_2019-10-23 05:52:46,0.00021692071314845793,True
258_2019-10-22 19:43:23,280_2019-10-23 06:37:45,0.00031434444385091336,True
258_2019-10-22 19:43:23,590_2019-10-25 17:37:39,0.00028496612180012695,True
258_2019-10-22 19:43:23,65_2019-10-21 17:12:38,0.0004635078806287649,True
258_2019-10-22 19:43:23,67_2019-10-21 17:25:48,0.0002534750360755759,True
258_2019-10-22 19:43:23,77_2019-10-21 18:19:00,0.00018478037404810586,True
258_2019-10-22 19:43:23,78_2019-10-21 21:08:52,0.00023222636147458088,True
258_2019-10-22 19:43:23,79_2019-10-21 21:55:13,0.00022131081907830952,True
258_2019-10-22 19:43:23,80_2019-10-21 22:43:22,0.0002263620327020998,True
258_2019-10-22 19:43:23,81_2019-10-21 23:31:05,0.00022765394869811957,True
258_2019-10-22 19:43:23,82_2019-10-22 00:18:41,0.00023133020881868315,True
258_2019-10-22 19:43:23,83_2019-10-22 01:10:34,0.0002268007217055202,True
258_2019-10-22 19:43:23,84_2019-10-22 02:01:59,0.00023440561581486544,True
258_2019-10-22 19:43:23,85_2019-10-22 02:46:38,0.000227226503845161,True
258_2019-10-22 19:43:23,86_2019-10-22 03:35:02,0.0002248030543324589,True
258_2019-10-22 19:43:23,87_2019-10-22 04:21:27,0.00023406965623241612,True
258_2019-10-22 19:43:23,88_2019-10-22 05:06:08,0.00023470064229143427,True
258_2019-10-22 19:43:23,89_2019-10-22 05:54:28,0.00022625609826971199,True
258_2019-10-22 19:43:23,90_2019-10-22 06:42:13,0.00031205308858229717,True
260_2019-10-22 19:57:04,262_2019-10-22 20:18:32,0.0003204618890848656,True
260_2019-10-22 19:57:04,264_2019-10-22 20:47:55,0.00030179450336686965,True
260_2019-10-22 19:57:04,266_2019-10-22 21:06:47,0.00029489426213317104,True
260_2019-10-22 19:57:04,267_2019-10-22 21:24:41,0.00042130925785406126,True
260_2019-10-22 19:57:04,268_2019-10-22 21:35:42,0.0004065394276218894,True
260_2019-10-22 19:57:04,269_2019-10-22 22:08:44,0.00010818927984434845,True
260_2019-10-22 19:57:04,270_2019-10-22 22:58:48,0.00010948620667650222,True
260_2019-10-22 19:57:04,271_2019-10-22 23:45:33,0.00011383802909315618,True
260_2019-10-22 19:57:04,272_2019-10-23 00:30:49,0.00011296889619322436,True
260_2019-10-22 19:57:04,273_2019-10-23 01:15:36,0.00010986905240026527,True
260_2019-10-22 19:57:04,274_2019-10-23 02:00:58,0.00010926688632222444,True
260_2019-10-22 19:57:04,275_2019-10-23 02:47:59,0.0001138993955741565,True
260_2019-10-22 19:57:04,276_2019-10-23 03:31:23,0.0001108088835927571,True
260_2019-10-22 19:57:04,277_2019-10-23 04:20:23,0.00011493549247726707,True
260_2019-10-22 19:57:04,278_2019-10-23 05:05:50,0.00011344387301106652,True
260_2019-10-22 19:57:04,279_2019-10-23 05:52:46,0.00011766345907318866,True
260_2019-10-22 19:57:04,280_2019-10-23 06:37:45,0.00014829207961886893,True
260_2019-10-22 19:57:04,590_2019-10-25 17:37:39,0.00019726421492260294,True
260_2019-10-22 19:57:04,65_2019-10-21 17:12:38,0.0006026951818244034,True
260_2019-10-22 19:57:04,67_2019-10-21 17:25:48,0.0003488451680936557,True
260_2019-10-22 19:57:04,77_2019-10-21 18:19:00,7.266733512931622e-06,True
260_2019-10-22 19:57:04,78_2019-10-21 21:08:52,0.00010561150510778332,True
260_2019-10-22 19:57:04,79_2019-10-21 21:55:13,0.00010951096445082366,True
260_2019-10-22 19:57:04,80_2019-10-21 22:43:22,0.0001093407827758684,True
260_2019-10-22 19:57:04,81_2019-10-21 23:31:05,0.00010978842087759833,True
260_2019-10-22 19:57:04,82_2019-10-22 00:18:41,0.00010866099791241583,True
260_2019-10-22 19:57:04,83_2019-10-22 01:10:34,0.00010758522373703607,True
260_2019-10-22 19:57:04,84_2019-10-22 02:01:59,0.00010879466057974869,True
260_2019-10-22 19:57:04,85_2019-10-22 02:46:38,0.0001096068675327064,True
260_2019-10-22 19:57:04,86_2019-10-22 03:35:02,0.00010534177074593942,True
260_2019-10-22 19:57:04,87_2019-10-22 04:21:27,0.00010849279980266323,True
260_2019-10-22 19:57:04,88_2019-10-22 05:06:08,0.0001076721859484403,True
260_2019-10-22 19:57:04,89_2019-10-22 05:54:28,0.00010929102552919004,True
260_2019-10-22 19:57:04,90_2019-10-22 06:42:13,0.00018447623391191822,True
262_2019-10-22 20:18:32,264_2019-10-22 20:47:55,0.00016383792653875133,True
262_2019-10-22 20:18:32,266_2019-10-22 21:06:47,0.0004723578022493652,True
262_2019-10-22 20:18:32,267_2019-10-22 21:24:41,0.00032401373077155525,True
262_2019-10-22 20:18:32,268_2019-10-22 21:35:42,0.00035821662081655275,True
262_2019-10-22 20:18:32,269_2019-10-22 22:08:44,0.0002761858420686926,True
262_2019-10-22 20:18:32,270_2019-10-22 22:58:48,0.0002707477705237293,True
262_2019-10-22 20:18:32,271_2019-10-22 23:45:33,0.0002722264143095443,True
262_2019-10-22 20:18:32,272_2019-10-23 00:30:49,0.0002684920946645088,True
262_2019-10-22 20:18:32,273_2019-10-23 01:15:36,0.00027544024616245604,True
262_2019-10-22 20:18:32,274_2019-10-23 02:00:58,0.0002800448627538123,True
262_2019-10-22 20:18:32,275_2019-10-23 02:47:59,0.00026802705882502466,True
262_2019-10-22 20:18:32,276_2019-10-23 03:31:23,0.00028257756650408773,True
262_2019-10-22 20:18:32,277_2019-10-23 04:20:23,0.0002754146662041644,True
262_2019-10-22 20:18:32,278_2019-10-23 05:05:50,0.00027189290583325506,True
262_2019-10-22 20:18:32,279_2019-10-23 05:52:46,0.0002621069400557419,True
262_2019-10-22 20:18:32,280_2019-10-23 06:37:45,0.00046726597519382496,True
262_2019-10-22 20:18:32,590_2019-10-25 17:37:39,0.00027750316250688416,True
262_2019-10-22 20:18:32,65_2019-10-21 17:12:38,0.0005871034585425054,True
262_2019-10-22 20:18:32,67_2019-10-21 17:25:48,6.565228390259375e-05,True
262_2019-10-22 20:18:32,77_2019-10-21 18:19:00,0.0003169245432614899,True
262_2019-10-22 20:18:32,78_2019-10-21 21:08:52,0.00028964388382977577,True
262_2019-10-22 20:18:32,79_2019-10-21 21:55:13,0.00027368697316077607,True
262_2019-10-22 20:18:32,80_2019-10-21 22:43:22,0.00027957586280004723,True
262_2019-10-22 20:18:32,81_2019-10-21 23:31:05,0.00028071019806651966,True
262_2019-10-22 20:18:32,82_2019-10-22 00:18:41,0.0002860164556096331,True
262_2019-10-22 20:18:32,83_2019-10-22 01:10:34,0.00028153940780550245,True
262_2019-10-22 20:18:32,84_2019-10-22 02:01:59,0.0002896534166063378,True
262_2019-10-22 20:18:32,85_2019-10-22 02:46:38,0.0002803612212240004,True
262_2019-10-22 20:18:32,86_2019-10-22 03:35:02,0.0002810732123319406,True
262_2019-10-22 20:18:32,87_2019-10-22 04:21:27,0.0002894930367152278,True
262_2019-10-22 20:18:32,88_2019-10-22 05:06:08,0.00029096015985381117,True
262_2019-10-22 20:18:32,89_2019-10-22 05:54:28,0.00027949424481771534,True
262_2019-10-22 20:18:32,90_2019-10-22 06:42:13,0.00048603701511782765,True
264_2019-10-22 20:47:55,266_2019-10-22 21:06:47,0.0003416796075479515,True
264_2019-10-22 20:47:55,267_2019-10-22 21:24:41,0.00016861553825060636,True
264_2019-10-22 20:47:55,268_2019-10-22 21:35:42,0.00019545475680895862,True
264_2019-10-22 20:47:55,269_2019-10-22 22:08:44,0.00021034698124078666,True
264_2019-10-22 20:47:55,270_2019-10-22 22:58:48,0.00020609400423037021,True
264_2019-10-22 20:47:55,271_2019-10-22 23:45:33,0.000204299412817579,True
264_2019-10-22 20:47:55,272_2019-10-23 00:30:49,0.00020251135104799585,True
264_2019-10-22 20:47:55,273_2019-10-23 01:15:36,0.0002088316900139099,True
264_2019-10-22 20:47:55,274_2019-10-23 02:00:58,0.00021230188749912475,True
264_2019-10-22 20:47:55,275_2019-10-23 02:47:59,0.0002016364557559634,True
264_2019-10-22 20:47:55,276_2019-10-23 03:31:23,0.00021318047900791527,True
264_2019-10-22 20:47:55,277_2019-10-23 04:20:23,0.00020573053480191098,True
264_2019-10-22 20:47:55,278_2019-10-23 05:05:50,0.0002043301169740322,True
264_2019-10-22 20:47:55,279_2019-10-23 05:52:46,0.00019572597896176284,True
264_2019-10-22 20:47:55,280_2019-10-23 06:37:45,0.0004437320441973787,True
264_2019-10-22 20:47:55,590_2019-10-25 17:37:39,0.00016057786857645804,True
264_2019-10-22 20:47:55,67_2019-10-21 17:25:48,0.00012306178202527932,True
264_2019-10-22 20:47:55,77_2019-10-21 18:19:00,0.0003019635251571126,True
264_2019-10-22 20:47:55,78_2019-10-21 21:08:52,0.00022138230870143833,True
264_2019-10-22 20:47:55,79_2019-10-21 21:55:13,0.00020791650085879028,True
264_2019-10-22 20:47:55,80_2019-10-21 22:43:22,0.00021193369910519315,True
264_2019-10-22 20:47:55,81_2019-10-21 23:31:05,0.0002124559910100078,True
264_2019-10-22 20:47:55,82_2019-10-22 00:18:41,0.00021693095124530526,True
264_2019-10-22 20:47:55,83_2019-10-22 01:10:34,0.0002143392131743958,True
264_2019-10-22 20:47:55,84_2019-10-22 02:01:59,0.00021958883832481983,True
264_2019-10-22 20:47:55,85_2019-10-22 02:46:38,0.00021231979642955255,True
264_2019-10-22 20:47:55,86_2019-10-22 03:35:02,0.00021534561074746896,True
264_2019-10-22 20:47:55,87_2019-10-22 04:21:27,0.00021963686015338596,True
264_2019-10-22 20:47:55,88_2019-10-22 05:06:08,0.00022122516619687343,True
264_2019-10-22 20:47:55,89_2019-10-22 05:54:28,0.0002119071423802278,True
264_2019-10-22 20:47:55,90_2019-10-22 06:42:13,0.00048617439688693464,True
266_2019-10-22 21:06:47,267_2019-10-22 21:24:41,0.00032699652189849016,True
266_2019-10-22 21:06:47,268_2019-10-22 21:35:42,0.0002752487403300601,True
266_2019-10-22 21:06:47,269_2019-10-22 22:08:44,0.00022895506842994734,True
266_2019-10-22 21:06:47,270_2019-10-22 22:58:48,0.00023315861913108144,True
266_2019-10-22 21:06:47,271_2019-10-22 23:45:33,0.00022884829951151127,True
266_2019-10-22 21:06:47,272_2019-10-23 00:30:49,0.00023298295749492627,True
266_2019-10-22 21:06:47,273_2019-10-23 01:15:36,0.00022849504847065734,True
266_2019-10-22 21:06:47,274_2019-10-23 02:00:58,0.00022474737329988078,True
266_2019-10-22 21:06:47,275_2019-10-23 02:47:59,0.00023281936491929313,True
266_2019-10-22 21:06:47,276_2019-10-23 03:31:23,0.00022149436589973795,True
266_2019-10-22 21:06:47,277_2019-10-23 04:20:23,0.00022517791296638914,True
266_2019-10-22 21:06:47,278_2019-10-23 05:05:50,0.00022941999328727558,True
266_2019-10-22 21:06:47,279_2019-10-23 05:52:46,0.0002362287714313221,True
266_2019-10-22 21:06:47,280_2019-10-23 06:37:45,0.00032920732405572673,True
266_2019-10-22 21:06:47,590_2019-10-25 17:37:39,0.0001948608119704548,True
266_2019-10-22 21:06:47,67_2019-10-21 17:25:48,0.0004569457398021325,True
266_2019-10-22 21:06:47,77_2019-10-21 18:19:00,0.00030175391246339237,True
266_2019-10-22 21:06:47,78_2019-10-21 21:08:52,0.00021914103451359796,True
266_2019-10-22 21:06:47,79_2019-10-21 21:55:13,0.00023036291926869425,True
266_2019-10-22 21:06:47,80_2019-10-21 22:43:22,0.00022511310690603409,True
266_2019-10-22 21:06:47,81_2019-10-21 23:31:05,0.00022380810052950433,True
266_2019-10-22 21:06:47,82_2019-10-22 00:18:41,0.00022001489672500107,True
266_2019-10-22 21:06:47,83_2019-10-22 01:10:34,0.00022458104690976154,True
266_2019-10-22 21:06:47,84_2019-10-22 02:01:59,0.00021692884223865932,True
266_2019-10-22 21:06:47,85_2019-10-22 02:46:38,0.0002242379710708464,True
266_2019-10-22 21:06:47,86_2019-10-22 03:35:02,0.00022654629918444086,True
266_2019-10-22 21:06:47,87_2019-10-22 04:21:27,0.00021726534911702502,True
266_2019-10-22 21:06:47,88_2019-10-22 05:06:08,0.00021665138615948533,True
266_2019-10-22 21:06:47,89_2019-10-22 05:54:28,0.0002252193303081665,True
266_2019-10-22 21:06:47,90_2019-10-22 06:42:13,0.0004032628656064417,True
267_2019-10-22 21:24:41,268_2019-10-22 21:35:42,5.9927202134105864e-05,True
267_2019-10-22 21:24:41,269_2019-10-22 22:08:44,0.0003142357220406705,True
267_2019-10-22 21:24:41,270_2019-10-22 22:58:48,0.0003122435633403477,True
267_2019-10-22 21:24:41,271_2019-10-22 23:45:33,0.00030825364536617834,True
267_2019-10-22 21:24:41,272_2019-10-23 00:30:49,0.00030865478464187004,True
267_2019-10-22 21:24:41,273_2019-10-23 01:15:36,0.00031252217919293623,True
267_2019-10-22 21:24:41,274_2019-10-23 02:00:58,0.0003139845753275028,True
267_2019-10-22 21:24:41,275_2019-10-23 02:47:59,0.0003077104668858133,True
267_2019-10-22 21:24:41,276_2019-10-23 03:31:23,0.0003131595753015619,True
267_2019-10-22 21:24:41,277_2019-10-23 04:20:23,0.0003077299614036455,True
267_2019-10-22 21:24:41,278_2019-10-23 05:05:50,0.00030858407510693677,True
267_2019-10-22 21:24:41,279_2019-10-23 05:52:46,0.00030367494218306934,True
267_2019-10-22 21:24:41,280_2019-10-23 06:37:45,0.0005436908174129126,True
267_2019-10-22 21:24:41,590_2019-10-25 17:37:39,0.00022931777536066273,True
267_2019-10-22 21:24:41,67_2019-10-21 17:25:48,0.00026834232564150386,True
267_2019-10-22 21:24:41,77_2019-10-21 18:19:00,0.0004238312602216567,True
267_2019-10-22 21:24:41,78_2019-10-21 21:08:52,0.00031996893744389135,True
267_2019-10-22 21:24:41,79_2019-10-21 21:55:13,0.00031258853752145306,True
267_2019-10-22 21:24:41,80_2019-10-21 22:43:22,0.00031381289943455094,True
267_2019-10-22 21:24:41,81_2019-10-21 23:31:05,0.00031365013534942503,True
267_2019-10-22 21:24:41,82_2019-10-22 00:18:41,0.00031607527036012635,True
267_2019-10-22 21:24:41,83_2019-10-22 01:10:34,0.0003158886311441021,True
267_2019-10-22 21:24:41,84_2019-10-22 02:01:59,0.00031708666277651353,True
267_2019-10-22 21:24:41,85_2019-10-22 02:46:38,0.0003137390421042412,True
267_2019-10-22 21:24:41,86_2019-10-22 03:35:02,0.0003178637001908757,True
267_2019-10-22 21:24:41,87_2019-10-22 04:21:27,0.0003173074157967851,True
267_2019-10-22 21:24:41,88_2019-10-22 05:06:08,0.00031854551322300125,True
267_2019-10-22 21:24:41,89_2019-10-22 05:54:28,0.0003138416957331888,True
267_2019-10-22 21:24:41,90_2019-10-22 06:42:13,0.0006002511888595389,True
268_2019-10-22 21:35:42,269_2019-10-22 22:08:44,0.0002983700903193231,True
268_2019-10-22 21:35:42,270_2019-10-22 22:58:48,0.00029736952996189486,True
268_2019-10-22 21:35:42,271_2019-10-22 23:45:33,0.00029282901370589404,True
268_2019-10-22 21:35:42,272_2019-10-23 00:30:49,0.000294028854539363,True
268_2019-10-22 21:35:42,273_2019-10-23 01:15:36,0.000296699318638122,True
268_2019-10-22 21:35:42,274_2019-10-23 02:00:58,0.00029730951494369944,True
268_2019-10-22 21:35:42,275_2019-10-23 02:47:59,0.00029312523220398915,True
268_2019-10-22 21:35:42,276_2019-10-23 03:31:23,0.00029590820320406485,True
268_2019-10-22 21:35:42,277_2019-10-23 04:20:23,0.0002916107307305009,True
268_2019-10-22 21:35:42,278_2019-10-23 05:05:50,0.0002932487381468819,True
268_2019-10-22 21:35:42,279_2019-10-23 05:52:46,0.0002900952149004836,True
268_2019-10-22 21:35:42,280_2019-10-23 06:37:45,0.0005179799997278001,True
268_2019-10-22 21:35:42,590_2019-10-25 17:37:39,0.00020944019080813825,True
268_2019-10-22 21:35:42,67_2019-10-21 17:25:48,0.00030838052543149435,True
268_2019-10-22 21:35:42,77_2019-10-21 18:19:00,0.0004099891764781743,True
268_2019-10-22 21:35:42,78_2019-10-21 21:08:52,0.00030174587696256996,True
268_2019-10-22 21:35:42,79_2019-10-21 21:55:13,0.000297130975310347,True
268_2019-10-22 21:35:42,80_2019-10-21 22:43:22,0.0002972228857964458,True
268_2019-10-22 21:35:42,81_2019-10-21 23:31:05,0.00029681599070580805,True
268_2019-10-22 21:35:42,82_2019-10-22 00:18:41,0.00029831664575785064,True
268_2019-10-22 21:35:42,83_2019-10-22 01:10:34,0.0002990346598514209,True
268_2019-10-22 21:35:42,84_2019-10-22 02:01:59,0.0002986544875471978,True
268_2019-10-22 21:35:42,85_2019-10-22 02:46:38,0.0002969826042392154,True
268_2019-10-22 21:35:42,86_2019-10-22 03:35:02,0.00030123962569659845,True
268_2019-10-22 21:35:42,87_2019-10-22 04:21:27,0.0002989238066008603,True
268_2019-10-22 21:35:42,88_2019-10-22 05:06:08,0.0002999511064974664,True
268_2019-10-22 21:35:42,89_2019-10-22 05:54:28,0.0002972703716606759,True
268_2019-10-22 21:35:42,90_2019-10-22 06:42:13,0.0005791014723444736,True
269_2019-10-22 22:08:44,270_2019-10-22 22:58:48,5.440987233418919e-06,True
269_2019-10-22 22:08:44,271_2019-10-22 23:45:33,6.232713907771811e-06,True
269_2019-10-22 22:08:44,272_2019-10-23 00:30:49,8.188138220915855e-06,True
269_2019-10-22 22:08:44,273_2019-10-23 01:15:36,1.7147414387203188e-06,True
269_2019-10-22 22:08:44,274_2019-10-23 02:00:58,4.342804291994257e-06,True
269_2019-10-22 22:08:44,275_2019-10-23 02:47:59,8.93478736393945e-06,True
269_2019-10-22 22:08:44,276_2019-10-23 03:31:23,7.557676400454267e-06,True
269_2019-10-22 22:08:44,277_2019-10-23 04:20:23,6.794337423822015e-06,True
269_2019-10-22 22:08:44,278_2019-10-23 05:05:50,6.084196909053877e-06,True
269_2019-10-22 22:08:44,279_2019-10-23 05:52:46,1.5174297999030826e-05,True
269_2019-10-22 22:08:44,280_2019-10-23 06:37:45,0.00023590143007526184,True
269_2019-10-22 22:08:44,590_2019-10-25 17:37:39,8.932582089659415e-05,True
269_2019-10-22 22:08:44,67_2019-10-21 17:25:48,0.00028535910778765256,True
269_2019-10-22 22:08:44,77_2019-10-21 18:19:00,0.00011167065036049521,True
269_2019-10-22 22:08:44,78_2019-10-21 21:08:52,1.345823158505933e-05,True
269_2019-10-22 22:08:44,79_2019-10-21 21:55:13,2.597251848789735e-06,True
269_2019-10-22 22:08:44,80_2019-10-21 22:43:22,3.9200484534094795e-06,True
269_2019-10-22 22:08:44,81_2019-10-21 23:31:05,5.245952916588825e-06,True
269_2019-10-22 22:08:44,82_2019-10-22 00:18:41,1.0131168310513838e-05,True
269_2019-10-22 22:08:44,83_2019-10-22 01:10:34,5.386428550495899e-06,True
269_2019-10-22 22:08:44,84_2019-10-22 02:01:59,1.3810771072669061e-05,True
269_2019-10-22 22:08:44,85_2019-10-22 02:46:38,4.816695488492667e-06,True
269_2019-10-22 22:08:44,86_2019-10-22 03:35:02,5.198885171537334e-06,True
269_2019-10-22 22:08:44,87_2019-10-22 04:21:27,1.3587285749184489e-05,True
269_2019-10-22 22:08:44,88_2019-10-22 05:06:08,1.4922977822793683e-05,True
269_2019-10-22 22:08:44,89_2019-10-22 05:54:28,3.8153980425704346e-06,True
269_2019-10-22 22:08:44,90_2019-10-22 06:42:13,0.0002867308998665946,True
270_2019-10-22 22:58:48,271_2019-10-22 23:45:33,5.159110959972924e-06,True
270_2019-10-22 22:58:48,272_2019-10-23 00:30:49,3.713560739972091e-06,True
270_2019-10-22 22:58:48,273_2019-10-23 01:15:36,4.9932243790155485e-06,True
270_2019-10-22 22:58:48,274_2019-10-23 02:00:58,9.542812664574292e-06,True
270_2019-10-22 22:58:48,275_2019-10-23 02:47:59,4.658528460751015e-06,True
270_2019-10-22 22:58:48,276_2019-10-23 03:31:23,1.2544291700330737e-05,True
270_2019-10-22 22:58:48,277_2019-10-23 04:20:23,8.298182469173161e-06,True
270_2019-10-22 22:58:48,278_2019-10-23 05:05:50,4.59056999914053e-06,True
270_2019-10-22 22:58:48,279_2019-10-23 05:52:46,1.0394791946482004e-05,True
270_2019-10-22 22:58:48,280_2019-10-23 06:37:45,0.00023941225073209212,True
270_2019-10-22 22:58:48,590_2019-10-25 17:37:39,8.886574273902824e-05,True
270_2019-10-22 22:58:48,67_2019-10-21 17:25:48,0.00028011095156651664,True
270_2019-10-22 22:58:48,77_2019-10-21 18:19:00,0.00011265651188758837,True
270_2019-10-22 22:58:48,78_2019-10-21 21:08:52,1.889644295158526e-05,True
270_2019-10-22 22:58:48,79_2019-10-21 21:55:13,3.067643134549173e-06,True
270_2019-10-22 22:58:48,80_2019-10-21 22:43:22,9.080970225024992e-06,True
270_2019-10-22 22:58:48,81_2019-10-21 23:31:05,1.035073303415199e-05,True
270_2019-10-22 22:58:48,82_2019-10-22 00:18:41,1.5489549781815614e-05,True
270_2019-10-22 22:58:48,83_2019-10-22 01:10:34,1.0818932989425665e-05,True
270_2019-10-22 22:58:48,84_2019-10-22 02:01:59,1.9176529688624248e-05,True
270_2019-10-22 22:58:48,85_2019-10-22 02:46:38,9.94772049900188e-06,True
270_2019-10-22 22:58:48,86_2019-10-22 03:35:02,1.0444928479565305e-05,True
270_2019-10-22 22:58:48,87_2019-10-22 04:21:27,1.8968232152400055e-05,True
270_2019-10-22 22:58:48,88_2019-10-22 05:06:08,2.033869600827519e-05,True
270_2019-10-22 22:58:48,89_2019-10-22 05:54:28,8.985976711418193e-06,True
270_2019-10-22 22:58:48,90_2019-10-22 06:42:13,0.00028928669732522673,True
271_2019-10-22 23:45:33,272_2019-10-23 00:30:49,4.219318823174702e-06,True
271_2019-10-22 23:45:33,273_2019-10-23 01:15:36,4.587769696671897e-06,True
271_2019-10-22 23:45:33,274_2019-10-23 02:00:58,8.328365061578955e-06,True
271_2019-10-22 23:45:33,275_2019-10-23 02:47:59,4.347701201527702e-06,True
271_2019-10-22 23:45:33,276_2019-10-23 03:31:23,1.0387231494235538e-05,True
271_2019-10-22 23:45:33,277_2019-10-23 04:20:23,3.709011187676181e-06,True
271_2019-10-22 23:45:33,278_2019-10-23 05:05:50,5.973386356578633e-07,True
271_2019-10-22 23:45:33,279_2019-10-23 05:52:46,1.0162196874274792e-05,True
271_2019-10-22 23:45:33,280_2019-10-23 06:37:45,0.00024213178155717066,True
271_2019-10-22 23:45:33,590_2019-10-25 17:37:39,8.407415051098568e-05,True
271_2019-10-22 23:45:33,67_2019-10-21 17:25:48,0.00028039069978352674,True
271_2019-10-22 23:45:33,77_2019-10-21 18:19:00,0.00011716016392882877,True
271_2019-10-22 23:45:33,78_2019-10-21 21:08:52,1.8121025178850603e-05,True
271_2019-10-22 23:45:33,79_2019-10-21 21:55:13,4.34174181583241e-06,True
271_2019-10-22 23:45:33,80_2019-10-21 22:43:22,7.896791630280073e-06,True
271_2019-10-22 23:45:33,81_2019-10-21 23:31:05,8.768593599131135e-06,True
271_2019-10-22 23:45:33,82_2019-10-22 00:18:41,1.4008913601902896e-05,True
271_2019-10-22 23:45:33,83_2019-10-22 01:10:34,1.0245278767723887e-05,True
271_2019-10-22 23:45:33,84_2019-10-22 02:01:59,1.752938373362116e-05,True
271_2019-10-22 23:45:33,85_2019-10-22 02:46:38,8.50026515290818e-06,True
271_2019-10-22 23:45:33,86_2019-10-22 03:35:02,1.1046821132085564e-05,True
271_2019-10-22 23:45:33,87_2019-10-22 04:21:27,1.7406625551943174e-05,True
271_2019-10-22 23:45:33,88_2019-10-22 05:06:08,1.894998210292049e-05,True
271_2019-10-22 23:45:33,89_2019-10-22 05:54:28,7.845781508494193e-06,True
271_2019-10-22 23:45:33,90_2019-10-22 06:42:13,0.0002928605624167915,True
272_2019-10-23 00:30:49,273_2019-10-23 01:15:36,7.064317626645226e-06,True
272_2019-10-23 00:30:49,274_2019-10-23 02:00:58,1.158455657703143e-05,True
272_2019-10-23 00:30:49,275_2019-10-23 02:47:59,9.519043136624022e-07,True
272_2019-10-23 00:30:49,276_2019-10-23 03:31:23,1.4131690833051672e-05,True
272_2019-10-23 00:30:49,277_2019-10-23 04:20:23,7.924869184172347e-06,True
272_2019-10-23 00:30:49,278_2019-10-23 05:05:50,3.705194831201927e-06,True
272_2019-10-23 00:30:49,279_2019-10-23 05:52:46,6.993000127451321e-06,True
272_2019-10-23 00:30:49,280_2019-10-23 06:37:45,0.00024311264815672585,True
272_2019-10-23 00:30:49,590_2019-10-25 17:37:39,8.576480026315301e-05,True
272_2019-10-23 00:30:49,67_2019-10-21 17:25:48,0.0002772238589386196,True
272_2019-10-23 00:30:49,77_2019-10-21 18:19:00,0.00011605838388546658,True
272_2019-10-23 00:30:49,78_2019-10-21 21:08:52,2.1355142015167405e-05,True
272_2019-10-23 00:30:49,79_2019-10-21 21:55:13,5.600017207631704e-06,True
272_2019-10-23 00:30:49,80_2019-10-21 22:43:22,1.1118528208351149e-05,True
272_2019-10-23 00:30:49,81_2019-10-21 23:31:05,1.2219856719374312e-05,True
272_2019-10-23 00:30:49,82_2019-10-22 00:18:41,1.7529796388992185e-05,True
272_2019-10-23 00:30:49,83_2019-10-22 01:10:34,1.3238775741634257e-05,True
272_2019-10-23 00:30:49,84_2019-10-22 02:01:59,2.1161833708672438e-05,True
272_2019-10-23 00:30:49,85_2019-10-22 02:46:38,1.1877863646310697e-05,True
272_2019-10-23 00:30:49,86_2019-10-22 03:35:02,1.3386946396556663e-05,True
272_2019-10-23 00:30:49,87_2019-10-22 04:21:27,2.1001572400446334e-05,True
272_2019-10-23 00:30:49,88_2019-10-22 05:06:08,2.2482461052034152e-05,True
272_2019-10-23 00:30:49,89_2019-10-22 05:54:28,1.104266480088715e-05,True
272_2019-10-23 00:30:49,90_2019-10-22 06:42:13,0.0002929703128227448,True
273_2019-10-23 01:15:36,274_2019-10-23 02:00:58,4.625058465200369e-06,True
273_2019-10-23 01:15:36,275_2019-10-23 02:47:59,7.709265112615685e-06,True
273_2019-10-23 01:15:36,276_2019-10-23 03:31:23,7.551180362430536e-06,True
273_2019-10-23 01:15:36,277_2019-10-23 04:20:23,5.19946331359314e-06,True
273_2019-10-23 01:15:36,278_2019-10-23 05:05:50,4.502876251051198e-06,True
273_2019-10-23 01:15:36,279_2019-10-23 05:52:46,1.3963884295064766e-05,True
273_2019-10-23 01:15:36,280_2019-10-23 06:37:45,0.0002375534105894595,True
273_2019-10-23 01:15:36,590_2019-10-25 17:37:39,8.769181894122362e-05,True
273_2019-10-23 01:15:36,67_2019-10-21 17:25:48,0.00028427771782050485,True
273_2019-10-23 01:15:36,77_2019-10-21 18:19:00,0.00011332777715572186,True
273_2019-10-23 01:15:36,78_2019-10-21 21:08:52,1.4299468258565264e-05,True
273_2019-10-23 01:15:36,79_2019-10-21 21:55:13,1.9398275405498675e-06,True
273_2019-10-23 01:15:36,80_2019-10-21 22:43:22,4.156100278184845e-06,True
273_2019-10-23 01:15:36,81_2019-10-21 23:31:05,5.3824884104232495e-06,True
273_2019-10-23 01:15:36,82_2019-10-22 00:18:41,1.0612319204217018e-05,True
273_2019-10-23 01:15:36,83_2019-10-22 01:10:34,6.175149523176997e-06,True
273_2019-10-23 01:15:36,84_2019-10-22 02:01:59,1.4289421630856075e-05,True
273_2019-10-23 01:15:36,85_2019-10-22 02:46:38,4.992554998375593e-06,True
273_2019-10-23 01:15:36,86_2019-10-22 03:35:02,6.542583595909496e-06,True
273_2019-10-23 01:15:36,87_2019-10-22 04:21:27,1.4100585340650311e-05,True
273_2019-10-23 01:15:36,88_2019-10-22 05:06:08,1.5528402544909215e-05,True
273_2019-10-23 01:15:36,89_2019-10-22 05:54:28,4.068610715388565e-06,True
273_2019-10-23 01:15:36,90_2019-10-22 06:42:13,0.0002884425317419261,True
274_2019-10-23 02:00:58,275_2019-10-23 02:47:59,1.2138166161381103e-05,True
274_2019-10-23 02:00:58,276_2019-10-23 03:31:23,3.255954490316119e-06,True
274_2019-10-23 02:00:58,277_2019-10-23 04:20:23,6.675252216512382e-06,True
274_2019-10-23 02:00:58,278_2019-10-23 05:05:50,8.48809514543961e-06,True
274_2019-10-23 02:00:58,279_2019-10-23 05:52:46,1.8327691830834167e-05,True
274_2019-10-23 02:00:58,280_2019-10-23 06:37:45,0.0002348863109572629,True
274_2019-10-23 02:00:58,590_2019-10-25 17:37:39,8.800350848402258e-05,True
274_2019-10-23 02:00:58,67_2019-10-21 17:25:48,0.0002886602725251212,True
274_2019-10-23 02:00:58,77_2019-10-21 18:19:00,0.00011298667290930515,True
274_2019-10-23 02:00:58,78_2019-10-21 21:08:52,9.828595909973137e-06,True
274_2019-10-23 02:00:58,79_2019-10-21 21:55:13,6.483476960651919e-06,True
274_2019-10-23 02:00:58,80_2019-10-21 22:43:22,4.695184755775781e-07,True
274_2019-10-23 02:00:58,81_2019-10-21 23:31:05,9.410476415453127e-07,True
274_2019-10-23 02:00:58,82_2019-10-22 00:18:41,5.987734298522131e-06,True
274_2019-10-23 02:00:58,83_2019-10-22 01:10:34,2.0567174933775916e-06,True
274_2019-10-23 02:00:58,84_2019-10-22 02:01:59,9.664788745773599e-06,True
274_2019-10-23 02:00:58,85_2019-10-22 02:46:38,5.187895709376831e-07,True
274_2019-10-23 02:00:58,86_2019-10-22 03:35:02,3.931283146790349e-06,True
274_2019-10-23 02:00:58,87_2019-10-22 04:21:27,9.475899140127988e-06,True
274_2019-10-23 02:00:58,88_2019-10-22 05:06:08,1.0915529481416063e-05,True
274_2019-10-23 02:00:58,89_2019-10-22 05:54:28,5.579522053153869e-07,True
274_2019-10-23 02:00:58,90_2019-10-22 06:42:13,0.0002866207442955853,True
275_2019-10-23 02:47:59,276_2019-10-23 03:31:23,1.4553375939057924e-05,True
275_2019-10-23 02:47:59,277_2019-10-23 04:20:23,7.978446864049948e-06,True
275_2019-10-23 02:47:59,278_2019-10-23 05:05:50,3.917425616284398e-06,True
275_2019-10-23 02:47:59,279_2019-10-23 05:52:46,6.2580151754012375e-06,True
275_2019-10-23 02:47:59,280_2019-10-23 06:37:45,0.0002440419152973306,True
275_2019-10-23 02:47:59,590_2019-10-25 17:37:39,8.491248798105323e-05,True
275_2019-10-23 02:47:59,67_2019-10-21 17:25:48,0.0002765751653133119,True
275_2019-10-23 02:47:59,77_2019-10-21 18:19:00,0.00011697587433806946,True
275_2019-10-23 02:47:59,78_2019-10-21 21:08:52,2.1948311633251323e-05,True
275_2019-10-23 02:47:59,79_2019-10-21 21:55:13,6.3724403616883154e-06,True
275_2019-10-23 02:47:59,80_2019-10-21 22:43:22,1.1676963327767064e-05,True
275_2019-10-23 02:47:59,81_2019-10-21 23:31:05,1.2727031729786979e-05,True
275_2019-10-23 02:47:59,82_2019-10-22 00:18:41,1.8035831913061824e-05,True
275_2019-10-23 02:47:59,83_2019-10-22 01:10:34,1.386159396278726e-05,True
275_2019-10-23 02:47:59,84_2019-10-22 02:01:59,2.163819541351054e-05,True
275_2019-10-23 02:47:59,85_2019-10-22 02:46:38,1.240288559907808e-05,True
275_2019-10-23 02:47:59,86_2019-10-22 03:35:02,1.4127338671429602e-05,True
275_2019-10-23 02:47:59,87_2019-10-22 04:21:27,2.1490437062276313e-05,True
275_2019-10-23 02:47:59,88_2019-10-22 05:06:08,2.2993706848146616e-05,True
275_2019-10-23 02:47:59,89_2019-10-22 05:54:28,1.1606309483624863e-05,True
275_2019-10-23 02:47:59,90_2019-10-22 06:42:13,0.0002939221779071026,True
276_2019-10-23 03:31:23,277_2019-10-23 04:20:23,7.69106285661108e-06,True
276_2019-10-23 03:31:23,278_2019-10-23 05:05:50,1.0690709293010786e-05,True
276_2019-10-23 03:31:23,279_2019-10-23 05:52:46,2.0549362704321847e-05,True
276_2019-10-23 03:31:23,280_2019-10-23 06:37:45,0.0002348544462100991,True
276_2019-10-23 03:31:23,590_2019-10-25 17:37:39,8.650075463843726e-05,True
276_2019-10-23 03:31:23,67_2019-10-21 17:25:48,0.00029066334760910543,True
276_2019-10-23 03:31:23,77_2019-10-21 18:19:00,0.00011468498253969238,True
276_2019-10-23 03:31:23,78_2019-10-21 21:08:52,8.221443310843e-06,True
276_2019-10-23 03:31:23,79_2019-10-21 21:55:13,9.482730575154935e-06,True
276_2019-10-23 03:31:23,80_2019-10-21 22:43:22,3.644305407414918e-06,True
276_2019-10-23 03:31:23,81_2019-10-21 23:31:05,2.321984519114563e-06,True
276_2019-10-23 03:31:23,82_2019-10-22 00:18:41,3.804131816133236e-06,True
276_2019-10-23 03:31:23,83_2019-10-22 01:10:34,3.6228240418921647e-06,True
276_2019-10-23 03:31:23,84_2019-10-22 02:01:59,7.151169892443187e-06,True
276_2019-10-23 03:31:23,85_2019-10-22 02:46:38,2.753725884310968e-06,True
276_2019-10-23 03:31:23,86_2019-10-22 03:35:02,6.051306450304586e-06,True
276_2019-10-23 03:31:23,87_2019-10-22 04:21:27,7.0465358459053475e-06,True
276_2019-10-23 03:31:23,88_2019-10-22 05:06:08,8.621159217968472e-06,True
276_2019-10-23 03:31:23,89_2019-10-22 05:54:28,3.750172187961756e-06,True
276_2019-10-23 03:31:23,90_2019-10-22 06:42:13,0.0002872612333341902,True
277_2019-10-23 04:20:23,278_2019-10-23 05:05:50,4.257565531955858e-06,True
277_2019-10-23 04:20:23,279_2019-10-23 05:52:46,1.3339721787296546e-05,True
277_2019-10-23 04:20:23,280_2019-10-23 06:37:45,0.00024154319229845156,True
277_2019-10-23 04:20:23,590_2019-10-25 17:37:39,8.253318096447277e-05,True
277_2019-10-23 04:20:23,67_2019-10-21 17:25:48,0.0002830495014889757,True
277_2019-10-23 04:20:23,77_2019-10-21 18:19:00,0.00011845157511304593,True
277_2019-10-23 04:20:23,78_2019-10-21 21:08:52,1.585090895924721e-05,True
277_2019-10-23 04:20:23,79_2019-10-21 21:55:13,6.256076134581828e-06,True
277_2019-10-23 04:20:23,80_2019-10-21 22:43:22,6.372423915542571e-06,True
277_2019-10-23 04:20:23,81_2019-10-21 23:31:05,6.73046949923504e-06,True
277_2019-10-23 04:20:23,82_2019-10-22 00:18:41,1.1487671675283552e-05,True
277_2019-10-23 04:20:23,83_2019-10-22 01:10:34,8.730962765426521e-06,True
277_2019-10-23 04:20:23,84_2019-10-22 02:01:59,1.4752092234974385e-05,True
277_2019-10-23 04:20:23,85_2019-10-22 02:46:38,6.622514809396317e-06,True
277_2019-10-23 04:20:23,86_2019-10-22 03:35:02,1.0277770625731947e-05,True
277_2019-10-23 04:20:23,87_2019-10-22 04:21:27,1.4683101640375742e-05,True
277_2019-10-23 04:20:23,88_2019-10-22 05:06:08,1.6278711143629927e-05,True
277_2019-10-23 04:20:23,89_2019-10-22 05:54:28,6.370622279543173e-06,True
277_2019-10-23 04:20:23,90_2019-10-22 06:42:13,0.0002930338210441098,True
278_2019-10-23 05:05:50,279_2019-10-23 05:52:46,9.887959161866452e-06,True
278_2019-10-23 05:05:50,280_2019-10-23 06:37:45,0.00024197267586377827,True
278_2019-10-23 05:05:50,590_2019-10-25 17:37:39,8.453779262937458e-05,True
278_2019-10-23 05:05:50,67_2019-10-21 17:25:48,0.0002801825441664925,True
278_2019-10-23 05:05:50,77_2019-10-21 18:19:00,0.0001167414517798666,True
278_2019-10-23 05:05:50,78_2019-10-21 21:08:52,1.8309080162484524e-05,True
278_2019-10-23 05:05:50,79_2019-10-21 21:55:13,4.0127132544339415e-06,True
278_2019-10-23 05:05:50,80_2019-10-21 22:43:22,8.044564518800014e-06,True
278_2019-10-23 05:05:50,81_2019-10-21 23:31:05,8.981976271687352e-06,True
278_2019-10-23 05:05:50,82_2019-10-22 00:18:41,1.4258515284586343e-05,True
278_2019-10-23 05:05:50,83_2019-10-22 01:10:34,1.0354672498805825e-05,True
278_2019-10-23 05:05:50,84_2019-10-22 02:01:59,1.7814001208165498e-05,True
278_2019-10-23 05:05:50,85_2019-10-22 02:46:38,8.692455001223255e-06,True
278_2019-10-23 05:05:50,86_2019-10-22 03:35:02,1.1026615224462211e-05,True
278_2019-10-23 05:05:50,87_2019-10-22 04:21:27,1.768116692505335e-05,True
278_2019-10-23 05:05:50,88_2019-10-22 05:06:08,1.9210364524419853e-05,True
278_2019-10-23 05:05:50,89_2019-10-22 05:54:28,7.986892033296121e-06,True
278_2019-10-23 05:05:50,90_2019-10-22 06:42:13,0.00029258619119741755,True
279_2019-10-23 05:52:46,280_2019-10-23 06:37:45,0.00024949960632521636,True
279_2019-10-23 05:52:46,590_2019-10-25 17:37:39,8.284827801777497e-05,True
279_2019-10-23 05:52:46,67_2019-10-21 17:25:48,0.0002703411742218572,True
279_2019-10-23 05:52:46,77_2019-10-21 18:19:00,0.00012045043541798526,True
279_2019-10-23 05:52:46,78_2019-10-21 21:08:52,2.8154940775982577e-05,True
279_2019-10-23 05:52:46,79_2019-10-21 21:55:13,1.2591790216180065e-05,True
279_2019-10-23 05:52:46,80_2019-10-21 22:43:22,1.7872761397505196e-05,True
279_2019-10-23 05:52:46,81_2019-10-21 23:31:05,1.8863128079799803e-05,True
279_2019-10-23 05:52:46,82_2019-10-22 00:18:41,2.4146474399049262e-05,True
279_2019-10-23 05:52:46,83_2019-10-22 01:10:34,2.009988817349629e-05,True
279_2019-10-23 05:52:46,84_2019-10-22 02:01:59,2.7690086831661586e-05,True
279_2019-10-23 05:52:46,85_2019-10-22 02:46:38,1.8561667291879837e-05,True
279_2019-10-23 05:52:46,86_2019-10-22 03:35:02,2.037234686318768e-05,True
279_2019-10-23 05:52:46,87_2019-10-22 04:21:27,2.7563456337343974e-05,True
279_2019-10-23 05:52:46,88_2019-10-22 05:06:08,2.909761300193687e-05,True
279_2019-10-23 05:52:46,89_2019-10-22 05:54:28,1.7806984125591822e-05,True
279_2019-10-23 05:52:46,90_2019-10-22 06:42:13,0.0002986287280083043,True
280_2019-10-23 06:37:45,590_2019-10-25 17:37:39,0.00031454345868521316,True
280_2019-10-23 06:37:45,65_2019-10-21 17:12:38,0.0006415356019212982,True
280_2019-10-23 06:37:45,67_2019-10-21 17:25:48,0.0004971354467760917,True
280_2019-10-23 06:37:45,77_2019-10-21 18:19:00,0.00015091767210705657,True
280_2019-10-23 06:37:45,78_2019-10-21 21:08:52,0.0002271435367744302,True
280_2019-10-23 06:37:45,79_2019-10-21 21:55:13,0.0002380908396497544,True
280_2019-10-23 06:37:45,80_2019-10-21 22:43:22,0.0002351718469219242,True
280_2019-10-23 06:37:45,81_2019-10-21 23:31:05,0.0002349697824894926,True
280_2019-10-23 06:37:45,82_2019-10-22 00:18:41,0.00023143055577631657,True
280_2019-10-23 06:37:45,83_2019-10-22 01:10:34,0.0002328423723058293,True
280_2019-10-23 06:37:45,84_2019-10-22 02:01:59,0.00022964866215391869,True
280_2019-10-23 06:37:45,85_2019-10-22 02:46:38,0.0002349979594619988,True
280_2019-10-23 06:37:45,86_2019-10-22 03:35:02,0.00023133894543569237,True
280_2019-10-23 06:37:45,87_2019-10-22 04:21:27,0.0002294935727892857,True
280_2019-10-23 06:37:45,88_2019-10-22 05:06:08,0.00022806551739763828,True
280_2019-10-23 06:37:45,89_2019-10-22 05:54:28,0.00023517257716420826,True
280_2019-10-23 06:37:45,90_2019-10-22 06:42:13,7.490578847082514e-05,True
440_2019-10-23 16:29:57,440_2019-10-23 16:42:00,2.8508313657667433e-14,True
440_2019-10-23 16:29:57,441_2019-10-23 16:50:45,7.160723346098895e-15,True
440_2019-10-23 16:29:57,441_2019-10-23 17:08:37,2.1316282072803006e-14,True
440_2019-10-23 16:29:57,442_2019-10-23 17:40:23,7.160723346098895e-15,True
440_2019-10-23 16:29:57,442_2019-10-23 17:55:35,2.1316282072803006e-14,True
440_2019-10-23 16:29:57,443_2019-10-23 18:39:31,3.552991223715482e-14,True
440_2019-10-23 16:29:57,444_2019-10-23 19:02:52,0.0,True
440_2019-10-23 16:29:57,471_2019-10-23 21:46:06,1.4238583238573986e-14,True
440_2019-10-23 16:29:57,472_2019-10-23 21:55:46,2.929642751054232e-14,True
440_2019-10-23 16:29:57,473_2019-10-23 22:38:47,3.6230712748823524e-14,True
440_2019-10-23 16:29:57,474_2019-10-23 23:23:23,2.929642751054232e-14,True
440_2019-10-23 16:29:57,475_2019-10-24 00:07:57,2.929642751054232e-14,True
440_2019-10-23 16:29:57,476_2019-10-24 00:54:02,2.929642751054232e-14,True
440_2019-10-23 16:29:57,477_2019-10-24 01:38:53,2.929642751054232e-14,True
440_2019-10-23 16:29:57,478_2019-10-24 02:22:00,2.929642751054232e-14,True
440_2019-10-23 16:29:57,479_2019-10-24 03:06:06,2.929642751054232e-14,True
440_2019-10-23 16:29:57,480_2019-10-24 03:50:27,2.929642751054232e-14,True
440_2019-10-23 16:29:57,481_2019-10-24 04:35:11,4.978753036083156e-14,True
440_2019-10-23 16:29:57,482_2019-10-24 05:47:30,1.4238583238573986e-14,True
440_2019-10-23 16:29:57,483_2019-10-24 06:23:52,4.264181500047145e-14,True
440_2019-10-23 16:29:57,484_2019-10-24 06:49:37,3.552991223715482e-14,True
440_2019-10-23 16:29:57,486_2019-10-24 08:07:37,4.322062729257126e-14,True
440_2019-10-23 16:29:57,487_2019-10-24 08:53:04,3.6230712748823524e-14,True
440_2019-10-23 16:29:57,488_2019-10-24 09:37:01,6.413515397228466e-14,True
440_2019-10-23 16:42:00,441_2019-10-23 16:50:45,3.566287978336265e-14,True
440_2019-10-23 16:42:00,441_2019-10-23 17:08:37,7.444291678311382e-15,True
440_2019-10-23 16:42:00,442_2019-10-23 17:40:23,3.566287978336265e-14,True
440_2019-10-23 16:42:00,442_2019-10-23 17:55:35,7.444291678311382e-15,True
440_2019-10-23 16:42:00,443_2019-10-23 18:39:31,7.32410687763558e-15,True
440_2019-10-23 16:42:00,444_2019-10-23 19:02:52,2.8508313657667433e-14,True
440_2019-10-23 16:42:00,471_2019-10-23 21:46:06,1.4273168140722167e-14,True
440_2019-10-23 16:42:00,472_2019-10-23 21:55:46,4.884981308350689e-15,True
440_2019-10-23 16:42:00,473_2019-10-23 22:38:47,8.62265274246159e-15,True
440_2019-10-23 16:42:00,474_2019-10-23 23:23:23,4.884981308350689e-15,True
440_2019-10-23 16:42:00,475_2019-10-24 00:07:57,4.884981308350689e-15,True
440_2019-10-23 16:42:00,476_2019-10-24 00:54:02,4.884981308350689e-15,True
440_2019-10-23 16:42:00,477_2019-10-24 01:38:53,4.884981308350689e-15,True
440_2019-10-23 16:42:00,478_2019-10-24 02:22:00,4.884981308350689e-15,True
440_2019-10-23 16:42:00,479_2019-10-24 03:06:06,4.884981308350689e-15,True
440_2019-10-23 16:42:00,480_2019-10-24 03:50:27,4.884981308350689e-15,True
440_2019-10-23 16:42:00,481_2019-10-24 04:35:11,2.1316282072803006e-14,True
440_2019-10-23 16:42:00,482_2019-10-24 05:47:30,4.27457491654804e-14,True
440_2019-10-23 16:42:00,483_2019-10-24 06:23:52,1.4273168140722167e-14,True
440_2019-10-23 16:42:00,484_2019-10-24 06:49:37,7.32410687763558e-15,True
440_2019-10-23 16:42:00,486_2019-10-24 08:07:37,1.502702346173435e-14,True
440_2019-10-23 16:42:00,487_2019-10-24 08:53:04,8.62265274246159e-15,True
440_2019-10-23 16:42:00,488_2019-10-24 09:37:01,3.5626916741427515e-14,True
441_2019-10-23 16:50:45,441_2019-10-23 17:08:37,2.8435583831733384e-14,True
441_2019-10-23 16:50:45,442_2019-10-23 17:40:23,0.0,True
441_2019-10-23 16:50:45,442_2019-10-23 17:55:35,2.8435583831733384e-14,True
441_2019-10-23 16:50:45,443_2019-10-23 18:39:31,4.2653375747600077e-14,True
441_2019-10-23 16:50:45,444_2019-10-23 19:02:52,7.160723346098895e-15,True
441_2019-10-23 16:50:45,471_2019-10-23 21:46:06,2.1390168887322673e-14,True
441_2019-10-23 16:50:45,472_2019-10-23 21:55:46,3.6415315207705135e-14,True
441_2019-10-23 16:50:45,473_2019-10-23 22:38:47,4.337549145487706e-14,True
441_2019-10-23 16:50:45,474_2019-10-23 23:23:23,3.6415315207705135e-14,True
441_2019-10-23 16:50:45,475_2019-10-24 00:07:57,3.6415315207705135e-14,True
441_2019-10-23 16:50:45,476_2019-10-24 00:54:02,3.6415315207705135e-14,True
441_2019-10-23 16:50:45,477_2019-10-24 01:38:53,3.6415315207705135e-14,True
441_2019-10-23 16:50:45,478_2019-10-24 02:22:00,3.6415315207705135e-14,True
441_2019-10-23 16:50:45,479_2019-10-24 03:06:06,3.6415315207705135e-14,True
441_2019-10-23 16:50:45,480_2019-10-24 03:50:27,3.6415315207705135e-14,True
441_2019-10-23 16:50:45,481_2019-10-24 04:35:11,5.692835685204889e-14,True
441_2019-10-23 16:50:45,482_2019-10-24 05:47:30,7.105427357601002e-15,True
441_2019-10-23 16:50:45,483_2019-10-24 06:23:52,4.9769702052493514e-14,True
441_2019-10-23 16:50:45,484_2019-10-24 06:49:37,4.2653375747600077e-14,True
441_2019-10-23 16:50:45,486_2019-10-24 08:07:37,5.03762397574094e-14,True
441_2019-10-23 16:50:45,487_2019-10-24 08:53:04,4.337549145487706e-14,True
441_2019-10-23 16:50:45,488_2019-10-24 09:37:01,7.128842238863239e-14,True
441_2019-10-23 17:08:37,442_2019-10-23 17:40:23,2.8435583831733384e-14,True
441_2019-10-23 17:08:37,442_2019-10-23 17:55:35,0.0,True
441_2019-10-23 17:08:37,443_2019-10-23 18:39:31,1.4217791915866692e-14,True
441_2019-10-23 17:08:37,444_2019-10-23 19:02:52,2.1316282072803006e-14,True
441_2019-10-23 17:08:37,471_2019-10-23 21:46:06,7.160723346098895e-15,True
441_2019-10-23 17:08:37,472_2019-10-23 21:55:46,1.0048591735576161e-14,True
441_2019-10-23 17:08:37,473_2019-10-23 22:38:47,1.5888218580782548e-14,True
441_2019-10-23 17:08:37,474_2019-10-23 23:23:23,1.0048591735576161e-14,True
441_2019-10-23 17:08:37,475_2019-10-24 00:07:57,1.0048591735576161e-14,True
441_2019-10-23 17:08:37,476_2019-10-24 00:54:02,1.0048591735576161e-14,True
441_2019-10-23 17:08:37,477_2019-10-24 01:38:53,1.0048591735576161e-14,True
441_2019-10-23 17:08:37,478_2019-10-24 02:22:00,1.0048591735576161e-14,True
441_2019-10-23 17:08:37,479_2019-10-24 03:06:06,1.0048591735576161e-14,True
441_2019-10-23 17:08:37,480_2019-10-24 03:50:27,1.0048591735576161e-14,True
441_2019-10-23 17:08:37,481_2019-10-24 04:35:11,2.8508313657667433e-14,True
441_2019-10-23 17:08:37,482_2019-10-24 05:47:30,3.553823728406967e-14,True
441_2019-10-23 17:08:37,483_2019-10-24 06:23:52,2.1334777765716796e-14,True
441_2019-10-23 17:08:37,484_2019-10-24 06:49:37,1.4217791915866692e-14,True
441_2019-10-23 17:08:37,486_2019-10-24 08:07:37,2.2469334198890888e-14,True
441_2019-10-23 17:08:37,487_2019-10-24 08:53:04,1.5888218580782548e-14,True
441_2019-10-23 17:08:37,488_2019-10-24 09:37:01,4.291152022490169e-14,True
442_2019-10-23 17:40:23,442_2019-10-23 17:55:35,2.8435583831733384e-14,True
442_2019-10-23 17:40:23,443_2019-10-23 18:39:31,4.2653375747600077e-14,True
442_2019-10-23 17:40:23,444_2019-10-23 19:02:52,7.160723346098895e-15,True
442_2019-10-23 17:40:23,471_2019-10-23 21:46:06,2.1390168887322673e-14,True
442_2019-10-23 17:40:23,472_2019-10-23 21:55:46,3.6415315207705135e-14,True
442_2019-10-23 17:40:23,473_2019-10-23 22:38:47,4.337549145487706e-14,True
442_2019-10-23 17:40:23,474_2019-10-23 23:23:23,3.6415315207705135e-14,True
442_2019-10-23 17:40:23,475_2019-10-24 00:07:57,3.6415315207705135e-14,True
442_2019-10-23 17:40:23,476_2019-10-24 00:54:02,3.6415315207705135e-14,True
442_2019-10-23 17:40:23,477_2019-10-24 01:38:53,3.6415315207705135e-14,True
442_2019-10-23 17:40:23,478_2019-10-24 02:22:00,3.6415315207705135e-14,True
442_2019-10-23 17:40:23,479_2019-10-24 03:06:06,3.6415315207705135e-14,True
442_2019-10-23 17:40:23,480_2019-10-24 03:50:27,3.6415315207705135e-14,True
442_2019-10-23 17:40:23,481_2019-10-24 04:35:11,5.692835685204889e-14,True
442_2019-10-23 17:40:23,482_2019-10-24 05:47:30,7.105427357601002e-15,True
442_2019-10-23 17:40:23,483_2019-10-24 06:23:52,4.9769702052493514e-14,True
442_2019-10-23 17:40:23,484_2019-10-24 06:49:37,4.2653375747600077e-14,True
442_2019-10-23 17:40:23,486_2019-10-24 08:07:37,5.03762397574094e-14,True
442_2019-10-23 17:40:23,487_2019-10-24 08:53:04,4.337549145487706e-14,True
442_2019-10-23 17:40:23,488_2019-10-24 09:37:01,7.128842238863239e-14,True
442_2019-10-23 17:55:35,443_2019-10-23 18:39:31,1.4217791915866692e-14,True
442_2019-10-23 17:55:35,444_2019-10-23 19:02:52,2.1316282072803006e-14,True
442_2019-10-23 17:55:35,471_2019-10-23 21:46:06,7.160723346098895e-15,True
442_2019-10-23 17:55:35,472_2019-10-23 21:55:46,1.0048591735576161e-14,True
442_2019-10-23 17:55:35,473_2019-10-23 22:38:47,1.5888218580782548e-14,True
442_2019-10-23 17:55:35,474_2019-10-23 23:23:23,1.0048591735576161e-14,True
442_2019-10-23 17:55:35,475_2019-10-24 00:07:57,1.0048591735576161e-14,True
442_2019-10-23 17:55:35,476_2019-10-24 00:54:02,1.0048591735576161e-14,True
442_2019-10-23 17:55:35,477_2019-10-24 01:38:53,1.0048591735576161e-14,True
442_2019-10-23 17:55:35,478_2019-10-24 02:22:00,1.0048591735576161e-14,True
442_2019-10-23 17:55:35,479_2019-10-24 03:06:06,1.0048591735576161e-14,True
442_2019-10-23 17:55:35,480_2019-10-24 03:50:27,1.0048591735576161e-14,True
442_2019-10-23 17:55:35,481_2019-10-24 04:35:11,2.8508313657667433e-14,True
442_2019-10-23 17:55:35,482_2019-10-24 05:47:30,3.553823728406967e-14,True
442_2019-10-23 17:55:35,483_2019-10-24 06:23:52,2.1334777765716796e-14,True
442_2019-10-23 17:55:35,484_2019-10-24 06:49:37,1.4217791915866692e-14,True
442_2019-10-23 17:55:35,486_2019-10-24 08:07:37,2.2469334198890888e-14,True
442_2019-10-23 17:55:35,487_2019-10-24 08:53:04,1.5888218580782548e-14,True
442_2019-10-23 17:55:35,488_2019-10-24 09:37:01,4.291152022490169e-14,True
443_2019-10-23 18:18:20,444_2019-10-23 19:18:47,7.105566134123854e-14,True
443_2019-10-23 18:18:20,482_2019-10-24 05:24:42,7.816474723899987e-14,True
443_2019-10-23 18:18:20,484_2019-10-24 07:21:18,0.0,True
443_2019-10-23 18:39:31,444_2019-10-23 19:02:52,3.552991223715482e-14,True
443_2019-10-23 18:39:31,471_2019-10-23 21:46:06,2.1320907500235726e-14,True
443_2019-10-23 18:39:31,472_2019-10-23 21:55:46,9.739636741317752e-15,True
443_2019-10-23 18:39:31,473_2019-10-23 22:38:47,6.661338147750939e-15,True
443_2019-10-23 18:39:31,474_2019-10-23 23:23:23,9.739636741317752e-15,True
443_2019-10-23 18:39:31,475_2019-10-24 00:07:57,9.739636741317752e-15,True
443_2019-10-23 18:39:31,476_2019-10-24 00:54:02,9.739636741317752e-15,True
443_2019-10-23 18:39:31,477_2019-10-24 01:38:53,9.739636741317752e-15,True
443_2019-10-23 18:39:31,478_2019-10-24 02:22:00,9.739636741317752e-15,True
443_2019-10-23 18:39:31,479_2019-10-24 03:06:06,9.739636741317752e-15,True
443_2019-10-23 18:39:31,480_2019-10-24 03:50:27,9.739636741317752e-15,True
443_2019-10-23 18:39:31,481_2019-10-24 04:35:11,1.432144669219779e-14,True
443_2019-10-23 18:39:31,482_2019-10-24 05:47:30,4.975583117394222e-14,True
443_2019-10-23 18:39:31,483_2019-10-24 06:23:52,7.119291619286993e-15,True
443_2019-10-23 18:39:31,484_2019-10-24 06:49:37,0.0,True
443_2019-10-23 18:39:31,486_2019-10-24 08:07:37,9.739636741317752e-15,True
443_2019-10-23 18:39:31,487_2019-10-24 08:53:04,6.661338147750939e-15,True
443_2019-10-23 18:39:31,488_2019-10-24 09:37:01,2.876656200481457e-14,True
444_2019-10-23 19:02:52,471_2019-10-23 21:46:06,1.4238583238573986e-14,True
444_2019-10-23 19:02:52,472_2019-10-23 21:55:46,2.929642751054232e-14,True
444_2019-10-23 19:02:52,473_2019-10-23 22:38:47,3.6230712748823524e-14,True
444_2019-10-23 19:02:52,474_2019-10-23 23:23:23,2.929642751054232e-14,True
444_2019-10-23 19:02:52,475_2019-10-24 00:07:57,2.929642751054232e-14,True
444_2019-10-23 19:02:52,476_2019-10-24 00:54:02,2.929642751054232e-14,True
444_2019-10-23 19:02:52,477_2019-10-24 01:38:53,2.929642751054232e-14,True
444_2019-10-23 19:02:52,478_2019-10-24 02:22:00,2.929642751054232e-14,True
444_2019-10-23 19:02:52,479_2019-10-24 03:06:06,2.929642751054232e-14,True
444_2019-10-23 19:02:52,480_2019-10-24 03:50:27,2.929642751054232e-14,True
444_2019-10-23 19:02:52,481_2019-10-24 04:35:11,4.978753036083156e-14,True
444_2019-10-23 19:02:52,482_2019-10-24 05:47:30,1.4238583238573986e-14,True
444_2019-10-23 19:02:52,483_2019-10-24 06:23:52,4.264181500047145e-14,True
444_2019-10-23 19:02:52,484_2019-10-24 06:49:37,3.552991223715482e-14,True
444_2019-10-23 19:02:52,486_2019-10-24 08:07:37,4.322062729257126e-14,True
444_2019-10-23 19:02:52,487_2019-10-24 08:53:04,3.6230712748823524e-14,True
444_2019-10-23 19:02:52,488_2019-10-24 09:37:01,6.413515397228466e-14,True
444_2019-10-23 19:18:47,482_2019-10-24 05:24:42,7.119291619286993e-15,True
444_2019-10-23 19:18:47,484_2019-10-24 07:21:18,7.105566134123854e-14,True
471_2019-10-23 21:46:06,472_2019-10-23 21:55:46,1.551136925266137e-14,True
471_2019-10-23 21:46:06,473_2019-10-23 22:38:47,2.220446049250313e-14,True
471_2019-10-23 21:46:06,474_2019-10-23 23:23:23,1.551136925266137e-14,True
471_2019-10-23 21:46:06,475_2019-10-24 00:07:57,1.551136925266137e-14,True
471_2019-10-23 21:46:06,476_2019-10-24 00:54:02,1.551136925266137e-14,True
471_2019-10-23 21:46:06,477_2019-10-24 01:38:53,1.551136925266137e-14,True
471_2019-10-23 21:46:06,478_2019-10-24 02:22:00,1.551136925266137e-14,True
471_2019-10-23 21:46:06,479_2019-10-24 03:06:06,1.551136925266137e-14,True
471_2019-10-23 21:46:06,480_2019-10-24 03:50:27,1.551136925266137e-14,True
471_2019-10-23 21:46:06,481_2019-10-24 04:35:11,3.555210803019093e-14,True
471_2019-10-23 21:46:06,482_2019-10-24 05:47:30,2.847716647714797e-14,True
471_2019-10-23 21:46:06,483_2019-10-24 06:23:52,2.842170943040401e-14,True
471_2019-10-23 21:46:06,484_2019-10-24 06:49:37,2.1320907500235726e-14,True
471_2019-10-23 21:46:06,486_2019-10-24 08:07:37,2.909377512977897e-14,True
471_2019-10-23 21:46:06,487_2019-10-24 08:53:04,2.220446049250313e-14,True
471_2019-10-23 21:46:06,488_2019-10-24 09:37:01,4.9898318930639525e-14,True
472_2019-10-23 21:55:46,473_2019-10-23 22:38:47,7.105427357601002e-15,True
472_2019-10-23 21:55:46,474_2019-10-23 23:23:23,0.0,True
472_2019-10-23 21:55:46,475_2019-10-24 00:07:57,0.0,True
472_2019-10-23 21:55:46,476_2019-10-24 00:54:02,0.0,True
472_2019-10-23 21:55:46,477_2019-10-24 01:38:53,0.0,True
472_2019-10-23 21:55:46,478_2019-10-24 02:22:00,0.0,True
472_2019-10-23 21:55:46,479_2019-10-24 03:06:06,0.0,True
472_2019-10-23 21:55:46,480_2019-10-24 03:50:27,0.0,True
472_2019-10-23 21:55:46,481_2019-10-24 04:35:11,2.1868857395626284e-14,True
472_2019-10-23 21:55:46,482_2019-10-24 05:47:30,4.337549145487706e-14,True
472_2019-10-23 21:55:46,483_2019-10-24 06:23:52,1.551136925266137e-14,True
472_2019-10-23 21:55:46,484_2019-10-24 06:49:37,9.739636741317752e-15,True
472_2019-10-23 21:55:46,486_2019-10-24 08:07:37,1.4210854715202004e-14,True
472_2019-10-23 21:55:46,487_2019-10-24 08:53:04,7.105427357601002e-15,True
472_2019-10-23 21:55:46,488_2019-10-24 09:37:01,3.5596458096434965e-14,True
473_2019-10-23 22:38:47,474_2019-10-23 23:23:23,7.105427357601002e-15,True
473_2019-10-23 22:38:47,475_2019-10-24 00:07:57,7.105427357601002e-15,True
473_2019-10-23 22:38:47,476_2019-10-24 00:54:02,7.105427357601002e-15,True
473_2019-10-23 22:38:47,477_2019-10-24 01:38:53,7.105427357601002e-15,True
473_2019-10-23 22:38:47,478_2019-10-24 02:22:00,7.105427357601002e-15,True
473_2019-10-23 22:38:47,479_2019-10-24 03:06:06,7.105427357601002e-15,True
473_2019-10-23 22:38:47,480_2019-10-24 03:50:27,7.105427357601002e-15,True
473_2019-10-23 22:38:47,481_2019-10-24 04:35:11,1.502702346173435e-14,True
473_2019-10-23 22:38:47,482_2019-10-24 05:47:30,5.03762397574094e-14,True
473_2019-10-23 22:38:47,483_2019-10-24 06:23:52,9.441466109136565e-15,True
473_2019-10-23 22:38:47,484_2019-10-24 06:49:37,6.661338147750939e-15,True
473_2019-10-23 22:38:47,486_2019-10-24 08:07:37,7.105427357601002e-15,True
473_2019-10-23 22:38:47,487_2019-10-24 08:53:04,0.0,True
473_2019-10-23 22:38:47,488_2019-10-24 09:37:01,2.8508313657667433e-14,True
474_2019-10-23 23:23:23,475_2019-10-24 00:07:57,0.0,True
474_2019-10-23 23:23:23,476_2019-10-24 00:54:02,0.0,True
474_2019-10-23 23:23:23,477_2019-10-24 01:38:53,0.0,True
474_2019-10-23 23:23:23,478_2019-10-24 02:22:00,0.0,True
474_2019-10-23 23:23:23,479_2019-10-24 03:06:06,0.0,True
474_2019-10-23 23:23:23,480_2019-10-24 03:50:27,0.0,True
474_2019-10-23 23:23:23,481_2019-10-24 04:35:11,2.1868857395626284e-14,True
474_2019-10-23 23:23:23,482_2019-10-24 05:47:30,4.337549145487706e-14,True
474_2019-10-23 23:23:23,483_2019-10-24 06:23:52,1.551136925266137e-14,True
474_2019-10-23 23:23:23,484_2019-10-24 06:49:37,9.739636741317752e-15,True
474_2019-10-23 23:23:23,486_2019-10-24 08:07:37,1.4210854715202004e-14,True
474_2019-10-23 23:23:23,487_2019-10-24 08:53:04,7.105427357601002e-15,True
474_2019-10-23 23:23:23,488_2019-10-24 09:37:01,3.5596458096434965e-14,True
475_2019-10-24 00:07:57,476_2019-10-24 00:54:02,0.0,True
475_2019-10-24 00:07:57,477_2019-10-24 01:38:53,0.0,True
475_2019-10-24 00:07:57,478_2019-10-24 02:22:00,0.0,True
475_2019-10-24 00:07:57,479_2019-10-24 03:06:06,0.0,True
475_2019-10-24 00:07:57,480_2019-10-24 03:50:27,0.0,True
475_2019-10-24 00:07:57,481_2019-10-24 04:35:11,2.1868857395626284e-14,True
475_2019-10-24 00:07:57,482_2019-10-24 05:47:30,4.337549145487706e-14,True
475_2019-10-24 00:07:57,483_2019-10-24 06:23:52,1.551136925266137e-14,True
475_2019-10-24 00:07:57,484_2019-10-24 06:49:37,9.739636741317752e-15,True
475_2019-10-24 00:07:57,486_2019-10-24 08:07:37,1.4210854715202004e-14,True
475_2019-10-24 00:07:57,487_2019-10-24 08:53:04,7.105427357601002e-15,True
475_2019-10-24 00:07:57,488_2019-10-24 09:37:01,3.5596458096434965e-14,True
476_2019-10-24 00:54:02,477_2019-10-24 01:38:53,0.0,True
476_2019-10-24 00:54:02,478_2019-10-24 02:22:00,0.0,True
476_2019-10-24 00:54:02,479_2019-10-24 03:06:06,0.0,True
476_2019-10-24 00:54:02,480_2019-10-24 03:50:27,0.0,True
476_2019-10-24 00:54:02,481_2019-10-24 04:35:11,2.1868857395626284e-14,True
476_2019-10-24 00:54:02,482_2019-10-24 05:47:30,4.337549145487706e-14,True
476_2019-10-24 00:54:02,483_2019-10-24 06:23:52,1.551136925266137e-14,True
476_2019-10-24 00:54:02,484_2019-10-24 06:49:37,9.739636741317752e-15,True
476_2019-10-24 00:54:02,486_2019-10-24 08:07:37,1.4210854715202004e-14,True
476_2019-10-24 00:54:02,487_2019-10-24 08:53:04,7.105427357601002e-15,True
476_2019-10-24 00:54:02,488_2019-10-24 09:37:01,3.5596458096434965e-14,True
477_2019-10-24 01:38:53,478_2019-10-24 02:22:00,0.0,True
477_2019-10-24 01:38:53,479_2019-10-24 03:06:06,0.0,True
477_2019-10-24 01:38:53,480_2019-10-24 03:50:27,0.0,True
477_2019-10-24 01:38:53,481_2019-10-24 04:35:11,2.1868857395626284e-14,True
477_2019-10-24 01:38:53,482_2019-10-24 05:47:30,4.337549145487706e-14,True
477_2019-10-24 01:38:53,483_2019-10-24 06:23:52,1.551136925266137e-14,True
477_2019-10-24 01:38:53,484_2019-10-24 06:49:37,9.739636741317752e-15,True
477_2019-10-24 01:38:53,486_2019-10-24 08:07:37,1.4210854715202004e-14,True
477_2019-10-24 01:38:53,487_2019-10-24 08:53:04,7.105427357601002e-15,True
477_2019-10-24 01:38:53,488_2019-10-24 09:37:01,3.5596458096434965e-14,True
478_2019-10-24 02:22:00,479_2019-10-24 03:06:06,0.0,True
478_2019-10-24 02:22:00,480_2019-10-24 03:50:27,0.0,True
478_2019-10-24 02:22:00,481_2019-10-24 04:35:11,2.1868857395626284e-14,True
478_2019-10-24 02:22:00,482_2019-10-24 05:47:30,4.337549145487706e-14,True
478_2019-10-24 02:22:00,483_2019-10-24 06:23:52,1.551136925266137e-14,True
478_2019-10-24 02:22:00,484_2019-10-24 06:49:37,9.739636741317752e-15,True
478_2019-10-24 02:22:00,486_2019-10-24 08:07:37,1.4210854715202004e-14,True
478_2019-10-24 02:22:00,487_2019-10-24 08:53:04,7.105427357601002e-15,True
478_2019-10-24 02:22:00,488_2019-10-24 09:37:01,3.5596458096434965e-14,True
479_2019-10-24 03:06:06,480_2019-10-24 03:50:27,0.0,True
479_2019-10-24 03:06:06,481_2019-10-24 04:35:11,2.1868857395626284e-14,True
479_2019-10-24 03:06:06,482_2019-10-24 05:47:30,4.337549145487706e-14,True
479_2019-10-24 03:06:06,483_2019-10-24 06:23:52,1.551136925266137e-14,True
479_2019-10-24 03:06:06,484_2019-10-24 06:49:37,9.739636741317752e-15,True
479_2019-10-24 03:06:06,486_2019-10-24 08:07:37,1.4210854715202004e-14,True
479_2019-10-24 03:06:06,487_2019-10-24 08:53:04,7.105427357601002e-15,True
479_2019-10-24 03:06:06,488_2019-10-24 09:37:01,3.5596458096434965e-14,True
480_2019-10-24 03:50:27,481_2019-10-24 04:35:11,2.1868857395626284e-14,True
480_2019-10-24 03:50:27,482_2019-10-24 05:47:30,4.337549145487706e-14,True
480_2019-10-24 03:50:27,483_2019-10-24 06:23:52,1.551136925266137e-14,True
480_2019-10-24 03:50:27,484_2019-10-24 06:49:37,9.739636741317752e-15,True
480_2019-10-24 03:50:27,486_2019-10-24 08:07:37,1.4210854715202004e-14,True
480_2019-10-24 03:50:27,487_2019-10-24 08:53:04,7.105427357601002e-15,True
480_2019-10-24 03:50:27,488_2019-10-24 09:37:01,3.5596458096434965e-14,True
481_2019-10-24 04:35:11,482_2019-10-24 05:47:30,6.402435847983705e-14,True
481_2019-10-24 04:35:11,483_2019-10-24 06:23:52,7.229248575812844e-15,True
481_2019-10-24 04:35:11,484_2019-10-24 06:49:37,1.432144669219779e-14,True
481_2019-10-24 04:35:11,486_2019-10-24 08:07:37,8.62265274246159e-15,True
481_2019-10-24 04:35:11,487_2019-10-24 08:53:04,1.502702346173435e-14,True
481_2019-10-24 04:35:11,488_2019-10-24 09:37:01,1.4458497151625688e-14,True
482_2019-10-24 05:24:42,484_2019-10-24 07:21:18,7.816474723899987e-14,True
482_2019-10-24 05:47:30,483_2019-10-24 06:23:52,5.687116766346677e-14,True
482_2019-10-24 05:47:30,484_2019-10-24 06:49:37,4.975583117394222e-14,True
482_2019-10-24 05:47:30,486_2019-10-24 08:07:37,5.740271771535008e-14,True
482_2019-10-24 05:47:30,487_2019-10-24 08:53:04,5.03762397574094e-14,True
482_2019-10-24 05:47:30,488_2019-10-24 09:37:01,7.837262419542365e-14,True
483_2019-10-24 06:23:52,484_2019-10-24 06:49:37,7.119291619286993e-15,True
483_2019-10-24 06:23:52,486_2019-10-24 08:07:37,6.217248937900877e-15,True
483_2019-10-24 06:23:52,487_2019-10-24 08:53:04,9.441466109136565e-15,True
483_2019-10-24 06:23:52,488_2019-10-24 09:37:01,2.168774572743853e-14,True
484_2019-10-24 06:49:37,486_2019-10-24 08:07:37,9.739636741317752e-15,True
484_2019-10-24 06:49:37,487_2019-10-24 08:53:04,6.661338147750939e-15,True
484_2019-10-24 06:49:37,488_2019-10-24 09:37:01,2.876656200481457e-14,True
486_2019-10-24 08:07:37,487_2019-10-24 08:53:04,7.105427357601002e-15,True
486_2019-10-24 08:07:37,488_2019-10-24 09:37:01,2.1431618279190542e-14,True
487_2019-10-24 08:53:04,488_2019-10-24 09:37:01,2.8508313657667433e-14,True
503_2019-10-24 11:31:46,504_2019-10-24 11:51:48,0.00012278704028618608,True
503_2019-10-24 11:31:46,505_2019-10-24 12:01:20,0.00013592821824860122,True
503_2019-10-24 11:31:46,509_2019-10-24 12:22:28,0.00018493007045336477,True
503_2019-10-24 11:31:46,513_2019-10-24 13:01:53,0.0001109430214561537,True
503_2019-10-24 11:31:46,514_2019-10-24 13:14:51,0.00019607221981534124,True
503_2019-10-24 11:31:46,528_2019-10-24 15:30:18,8.971926886123307e-05,True
503_2019-10-24 11:31:46,529_2019-10-24 15:39:40,0.00014916406374878573,True
504_2019-10-24 11:51:48,505_2019-10-24 12:01:20,0.00012858660442043206,True
504_2019-10-24 11:51:48,509_2019-10-24 12:22:28,0.00027318164389812915,True
504_2019-10-24 11:51:48,513_2019-10-24 13:01:53,0.00020387827197120787,True
504_2019-10-24 11:51:48,514_2019-10-24 13:14:51,0.00031549124812721007,True
504_2019-10-24 11:51:48,528_2019-10-24 15:30:18,0.0001759169017252061,True
504_2019-10-24 11:51:48,529_2019-10-24 15:39:40,6.884530578997652e-05,True
505_2019-10-24 12:01:20,509_2019-10-24 12:22:28,0.00017635646333403907,True
505_2019-10-24 12:01:20,513_2019-10-24 13:01:53,0.00024686649829339693,True
505_2019-10-24 12:01:20,514_2019-10-24 13:14:51,0.00026340701800791694,True
505_2019-10-24 12:01:20,528_2019-10-24 15:30:18,0.00010641247090151137,True
505_2019-10-24 12:01:20,529_2019-10-24 15:39:40,8.000670136980522e-05,True
509_2019-10-24 12:22:28,513_2019-10-24 13:01:53,0.0002522950567096944,True
509_2019-10-24 12:22:28,514_2019-10-24 13:14:51,0.00012740516469494145,True
509_2019-10-24 12:22:28,528_2019-10-24 15:30:18,9.967201555842607e-05,True
509_2019-10-24 12:22:28,529_2019-10-24 15:39:40,0.00025088152783287517,True
513_2019-10-24 13:01:53,514_2019-10-24 13:14:51,0.0002001367599887597,True
513_2019-10-24 13:01:53,528_2019-10-24 15:30:18,0.0001804744088626443,True
513_2019-10-24 13:01:53,529_2019-10-24 15:39:40,0.0002505824947009566,True
514_2019-10-24 13:14:51,528_2019-10-24 15:30:18,0.00015770419945526848,True
514_2019-10-24 13:14:51,529_2019-10-24 15:39:40,0.00032023697559448205,True
528_2019-10-24 15:30:18,529_2019-10-24 15:39:40,0.00016529477824801667,True
590_2019-10-25 17:37:39,65_2019-10-21 17:12:38,0.0007470522348558097,True
590_2019-10-25 17:37:39,67_2019-10-21 17:25:48,0.0002655574696162683,True
590_2019-10-25 17:37:39,77_2019-10-21 18:19:00,0.00020095007767637304,True
590_2019-10-25 17:37:39,78_2019-10-21 21:08:52,9.233865501563492e-05,True
590_2019-10-25 17:37:39,79_2019-10-21 21:55:13,8.829310157931834e-05,True
590_2019-10-25 17:37:39,80_2019-10-21 22:43:22,8.793921949685908e-05,True
590_2019-10-25 17:37:39,81_2019-10-21 23:31:05,8.747579433150526e-05,True
590_2019-10-25 17:37:39,82_2019-10-22 00:18:41,8.887649838387789e-05,True
590_2019-10-25 17:37:39,83_2019-10-22 01:10:34,8.968071564442714e-05,True
590_2019-10-25 17:37:39,84_2019-10-22 02:01:59,8.927039332606819e-05,True
590_2019-10-25 17:37:39,85_2019-10-22 02:46:38,8.765887800773396e-05,True
590_2019-10-25 17:37:39,86_2019-10-22 03:35:02,9.192532883796205e-05,True
590_2019-10-25 17:37:39,87_2019-10-22 04:21:27,8.953276249461666e-05,True
590_2019-10-25 17:37:39,88_2019-10-22 05:06:08,9.059970841409821e-05,True
590_2019-10-25 17:37:39,89_2019-10-22 05:54:28,8.799143884682251e-05,True
590_2019-10-25 17:37:39,90_2019-10-22 06:42:13,0.00037152869175714233,True
65_2019-10-21 17:12:38,67_2019-10-21 17:25:48,0.0006522494378286413,True
65_2019-10-21 17:12:38,77_2019-10-21 18:19:00,0.0005955736782183655,True
65_2019-10-21 17:12:38,90_2019-10-22 06:42:13,0.0005847874237435789,True
67_2019-10-21 17:25:48,77_2019-10-21 18:19:00,0.00034648230921409206,True
67_2019-10-21 17:25:48,78_2019-10-21 21:08:52,0.0002984884735115889,True
67_2019-10-21 17:25:48,79_2019-10-21 21:55:13,0.00028276425074385793,True
67_2019-10-21 17:25:48,80_2019-10-21 22:43:22,0.0002882086007022491,True
67_2019-10-21 17:25:48,81_2019-10-21 23:31:05,0.00028915699054470685,True
67_2019-10-21 17:25:48,82_2019-10-22 00:18:41,0.00029437953969682574,True
67_2019-10-21 17:25:48,83_2019-10-22 01:10:34,0.00029043622432745465,True
67_2019-10-21 17:25:48,84_2019-10-22 02:01:59,0.0002977917786828744,True
67_2019-10-21 17:25:48,85_2019-10-22 02:46:38,0.0002888748785315293,True
67_2019-10-21 17:25:48,86_2019-10-22 03:35:02,0.0002905218569691613,True
67_2019-10-21 17:25:48,87_2019-10-22 04:21:27,0.00029770630045003194,True
67_2019-10-21 17:25:48,88_2019-10-22 05:06:08,0.0002992839522577582,True
67_2019-10-21 17:25:48,89_2019-10-22 05:54:28,0.0002881446308216288,True
67_2019-10-21 17:25:48,90_2019-10-22 06:42:13,0.0005240275230897661,True
77_2019-10-21 18:19:00,78_2019-10-21 21:08:52,0.00010984382378915755,True
77_2019-10-21 18:19:00,79_2019-10-21 21:55:13,0.000112860437171806,True
77_2019-10-21 18:19:00,80_2019-10-21 22:43:22,0.00011303438765864005,True
77_2019-10-21 18:19:00,81_2019-10-21 23:31:05,0.00011355118509831716,True
77_2019-10-21 18:19:00,82_2019-10-22 00:18:41,0.00011271143277203813,True
77_2019-10-21 18:19:00,83_2019-10-22 01:10:34,0.00011137446022846513,True
77_2019-10-21 18:19:00,84_2019-10-22 02:01:59,0.00011304322410778174,True
77_2019-10-21 18:19:00,85_2019-10-22 02:46:38,0.00011334807022216267,True
77_2019-10-21 18:19:00,86_2019-10-22 03:35:02,0.00010908054115306047,True
77_2019-10-21 18:19:00,87_2019-10-22 04:21:27,0.00011273138816183548,True
77_2019-10-21 18:19:00,88_2019-10-22 05:06:08,0.0001119858381760238,True
77_2019-10-21 18:19:00,89_2019-10-22 05:54:28,0.00011297942311254805,True
77_2019-10-21 18:19:00,90_2019-10-22 06:42:13,0.00018423967965760626,True
78_2019-10-21 21:08:52,79_2019-10-21 21:55:13,1.5976766145814075e-05,True
78_2019-10-21 21:08:52,80_2019-10-21 22:43:22,1.0282193017731324e-05,True
78_2019-10-21 21:08:52,81_2019-10-21 23:31:05,9.359572559023554e-06,True
78_2019-10-21 21:08:52,82_2019-10-22 00:18:41,4.4520112941170815e-06,True
78_2019-10-21 21:08:52,83_2019-10-22 01:10:34,8.133000654514564e-06,True
78_2019-10-21 21:08:52,84_2019-10-22 02:01:59,3.2065866915040948e-06,True
78_2019-10-21 21:08:52,85_2019-10-22 02:46:38,9.621589948624591e-06,True
78_2019-10-21 21:08:52,86_2019-10-22 03:35:02,8.746138684807266e-06,True
78_2019-10-21 21:08:52,87_2019-10-22 04:21:27,2.88781158577301e-06,True
78_2019-10-21 21:08:52,88_2019-10-22 05:06:08,2.5852697240062815e-06,True
78_2019-10-21 21:08:52,89_2019-10-22 05:54:28,1.0348331173764837e-05,True
78_2019-10-21 21:08:52,90_2019-10-22 06:42:13,0.0002803053549173936,True
79_2019-10-21 21:55:13,80_2019-10-21 22:43:22,6.019482242241052e-06,True
79_2019-10-21 21:55:13,81_2019-10-21 23:31:05,7.283408785455559e-06,True
79_2019-10-21 21:55:13,82_2019-10-22 00:18:41,1.24485650886237e-05,True
79_2019-10-21 21:55:13,83_2019-10-22 01:10:34,7.853405864490888e-06,True
79_2019-10-21 21:55:13,84_2019-10-22 02:01:59,1.61342189337708e-05,True
79_2019-10-21 21:55:13,85_2019-10-22 02:46:38,6.881737330334038e-06,True
79_2019-10-21 21:55:13,86_2019-10-22 03:35:02,7.791097664108094e-06,True
79_2019-10-21 21:55:13,87_2019-10-22 04:21:27,1.593300555025224e-05,True
79_2019-10-21 21:55:13,88_2019-10-22 05:06:08,1.732702504897244e-05,True
79_2019-10-21 21:55:13,89_2019-10-22 05:54:28,5.9258512436225876e-06,True
79_2019-10-21 21:55:13,90_2019-10-22 06:42:13,0.00028857779867337774,True
80_2019-10-21 22:43:22,81_2019-10-21 23:31:05,1.3261728705504483e-06,True
80_2019-10-21 22:43:22,82_2019-10-22 00:18:41,6.457090997240254e-06,True
80_2019-10-21 22:43:22,83_2019-10-22 01:10:34,2.405540260002378e-06,True
80_2019-10-21 22:43:22,84_2019-10-22 02:01:59,1.0133424274192799e-05,True
80_2019-10-21 22:43:22,85_2019-10-22 02:46:38,8.967650959454807e-07,True
80_2019-10-21 22:43:22,86_2019-10-22 03:35:02,4.0556559119280066e-06,True
80_2019-10-21 22:43:22,87_2019-10-22 04:21:27,9.945204950785429e-06,True
80_2019-10-21 22:43:22,88_2019-10-22 05:06:08,1.1384682254713773e-05,True
80_2019-10-21 22:43:22,89_2019-10-22 05:54:28,1.06268913901832e-07,True
80_2019-10-21 22:43:22,90_2019-10-22 06:42:13,0.0002868226459871974,True
81_2019-10-21 23:31:05,82_2019-10-22 00:18:41,5.311356595081851e-06,True
81_2019-10-21 23:31:05,83_2019-10-22 01:10:34,2.240961413935668e-06,True
81_2019-10-21 23:31:05,84_2019-10-22 02:01:59,8.950683501198415e-06,True
81_2019-10-21 23:31:05,85_2019-10-22 02:46:38,4.317587161792855e-07,True
81_2019-10-21 23:31:05,86_2019-10-22 03:35:02,4.480346905737417e-06,True
81_2019-10-21 23:31:05,87_2019-10-22 04:21:27,8.782972907481393e-06,True
81_2019-10-21 23:31:05,88_2019-10-22 05:06:08,1.0267921770134791e-05,True
81_2019-10-21 23:31:05,89_2019-10-22 05:54:28,1.431349745593903e-06,True
81_2019-10-21 23:31:05,90_2019-10-22 06:42:13,0.0002868966372875596,True
82_2019-10-22 00:18:41,83_2019-10-22 01:10:34,4.851301175488906e-06,True
82_2019-10-22 00:18:41,84_2019-10-22 02:01:59,3.686983312994556e-06,True
82_2019-10-22 00:18:41,85_2019-10-22 02:46:38,5.655285662379728e-06,True
82_2019-10-22 00:18:41,86_2019-10-22 03:35:02,6.535257474062951e-06,True
82_2019-10-22 00:18:41,87_2019-10-22 04:21:27,3.488268733464993e-06,True
82_2019-10-22 00:18:41,88_2019-10-22 05:06:08,4.957971892631064e-06,True
82_2019-10-22 00:18:41,89_2019-10-22 05:54:28,6.543714148696628e-06,True
82_2019-10-22 00:18:41,90_2019-10-22 06:42:13,0.0002842510128948171,True
83_2019-10-22 01:10:34,84_2019-10-22 02:01:59,8.484788375102773e-06,True
83_2019-10-22 01:10:34,85_2019-10-22 02:46:38,2.173115700932308e-06,True
83_2019-10-22 01:10:34,86_2019-10-22 03:35:02,2.4340561375441485e-06,True
83_2019-10-22 01:10:34,87_2019-10-22 04:21:27,8.24246059635309e-06,True
83_2019-10-22 01:10:34,88_2019-10-22 05:06:08,9.541258447092517e-06,True
83_2019-10-22 01:10:34,89_2019-10-22 05:54:28,2.4347741880337584e-06,True
83_2019-10-22 01:10:34,90_2019-10-22 06:42:13,0.00028466930048345304,True
84_2019-10-22 02:01:59,85_2019-10-22 02:46:38,9.313090015322167e-06,True
84_2019-10-22 02:01:59,86_2019-10-22 03:35:02,9.88172713183739e-06,True
84_2019-10-22 02:01:59,87_2019-10-22 04:21:27,3.5957369263127786e-07,True
84_2019-10-22 02:01:59,88_2019-10-22 05:06:08,1.6386482712388992e-06,True
84_2019-10-22 02:01:59,89_2019-10-22 05:54:28,1.0222017225146571e-05,True
84_2019-10-22 02:01:59,90_2019-10-22 06:42:13,0.00028316937940223825,True
85_2019-10-22 02:46:38,86_2019-10-22 03:35:02,4.2682598884324286e-06,True
85_2019-10-22 02:46:38,87_2019-10-22 04:21:27,9.136964602782764e-06,True
85_2019-10-22 02:46:38,88_2019-10-22 05:06:08,1.060464485670094e-05,True
85_2019-10-22 02:46:38,89_2019-10-22 05:54:28,1.001316180492482e-06,True
85_2019-10-22 02:46:38,90_2019-10-22 06:42:13,0.0002868350340274497,True
86_2019-10-22 03:35:02,87_2019-10-22 04:21:27,9.58656347084277e-06,True
86_2019-10-22 03:35:02,88_2019-10-22 05:06:08,1.0642716986885933e-05,True
86_2019-10-22 03:35:02,89_2019-10-22 05:54:28,4.023136829540281e-06,True
86_2019-10-22 03:35:02,90_2019-10-22 06:42:13,0.0002827970059106893,True
87_2019-10-22 04:21:27,88_2019-10-22 05:06:08,1.6111745496790687e-06,True
87_2019-10-22 04:21:27,89_2019-10-22 05:54:28,1.003197727047344e-05,True
87_2019-10-22 04:21:27,90_2019-10-22 06:42:13,0.0002829511919930338,True
88_2019-10-22 05:06:08,89_2019-10-22 05:54:28,1.1467074517189276e-05,True
88_2019-10-22 05:06:08,90_2019-10-22 06:42:13,0.0002817063911516411,True
89_2019-10-22 05:54:28,90_2019-10-22 06:42:13,0.00028680127992285903,True
